shop,datetime,price_reg,price_promo,article,name,category_path
"г. Москва, ул. Бакунинская, д. 26-30",2025-02-04 23:53:47,1199,959,в240893,"Вино Bodegas Bastida, ""Evoca"", Jumilla DO, 2022 ",Вино
"г. Москва, ул. Бакунинская, д. 26-30",2025-02-04 23:53:46,999,750,в248923,"Вино ""Bendito"" Carmenere, Valley Central DO, 2023 ",Вино
"г. Москва, ул. Бакунинская, д. 26-30",2025-02-04 23:53:47,769,769,в209689,"Вино Luis Felipe Edwards, ""Bendito"" Carmenere, Central Valley DO, 2022 ",Вино
"г. Москва, ул. Бакунинская, д. 26-30",2025-02-04 23:53:47,999,849,в248918,"Вино ""Bendito"" Pinot Grigio, Valley Central DO, 2024 ",Вино
"г. Москва, ул. Бакунинская, д. 26-30",2025-02-04 23:53:48,999,750,в248920,"Вино ""Bendito"" Sauvignon Blanc, Valley Central DO, 2024 ",Вино
"г. Москва, ул. Бакунинская, д. 26-30",2025-02-04 23:53:49,999,799,в248919,"Вино ""Bendito"" Chardonnay, Valley Central DO, 2024 ",Вино
"г. Москва, ул. Бакунинская, д. 26-30",2025-02-04 23:53:47,1799,1299,в232837,"Вино ""40"" Nero di Troia, Puglia IGT, 2022 ",Вино
"г. Москва, ул. Бакунинская, д. 26-30",2025-02-04 23:53:48,1299,1299,в192641,"Вино ""40"" Nero di Troia, Puglia IGT, 2019 ",Вино
"г. Москва, ул. Бакунинская, д. 26-30",2025-02-04 23:53:49,1299,1299,в211745,"Вино ""40"" Nero di Troia, Puglia IGT, 2021 ",Вино
"г. Москва, ул. Бакунинская, д. 26-30",2025-02-04 23:53:51,1999,1699,в221489,"Вино Castello di Corbara, ""Thybris"" Sangiovese, Lago di Corbara DOC, 2020 ",Вино
"г. Москва, ул. Бакунинская, д. 26-30",2025-02-04 23:53:50,999,799,в248926,"Вино ""Bendito"" Merlot, Valley Central DO, 2023 ",Вино
"г. Москва, ул. Бакунинская, д. 26-30",2025-02-04 23:53:51,769,769,в209690,"Вино Luis Felipe Edwards, ""Bendito"" Merlot, Central Valley DO, 2022 ",Вино
"г. Москва, ул. Бакунинская, д. 26-30",2025-02-04 23:53:49,1499,1290,в240890,"Вино Cantine Risveglio, ""Sciaia"", Puglia IGT, 2023 ",Вино
"г. Москва, ул. Бакунинская, д. 26-30",2025-02-04 23:53:50,999,999,в164324,"Вино Cantine Risveglio, ""Sciaia"", Puglia IGT, 2020 ",Вино
"г. Москва, ул. Бакунинская, д. 26-30",2025-02-04 23:53:51,999,999,в198255,"Вино Cantine Risveglio, ""Sciaia"", Puglia IGT, 2021 ",Вино
"г. Москва, ул. Бакунинская, д. 26-30",2025-02-04 23:53:52,1299,1299,в211744,"Вино Cantine Risveglio, ""Sciaia"", Puglia IGT, 2022 ",Вино
"г. Москва, ул. Бакунинская, д. 26-30",2025-02-04 23:53:50,1599,1280,в243533,"Вино ""Flor de Sara"" Crianza, Rioja DOC, 2021 ",Вино
"г. Москва, ул. Бакунинская, д. 26-30",2025-02-04 23:53:51,1499,1499,в223543,"Вино ""Flor de Sara"" Crianza, Rioja DOC, 2020 ",Вино
"г. Москва, ул. Бакунинская, д. 26-30",2025-02-04 23:53:52,1299,1299,в211736,"Вино ""Flor de Sara"" Crianza, Rioja DOC, 2019 ",Вино
"г. Москва, ул. Бакунинская, д. 26-30",2025-02-04 23:53:52,999,799,в248927,"Вино ""Bendito"" Cabernet Sauvignon, Valley Central DO, 2023 ",Вино
"г. Москва, ул. Бакунинская, д. 26-30",2025-02-04 23:53:53,1599,1390,в220424,"Вино Lavau, ""EnvyFol"" Syrah, Pays d'Oc IGP, 2022 ",Вино
"г. Москва, ул. Бакунинская, д. 26-30",2025-02-04 23:53:54,1199,1199,в192649,"Вино Lavau, ""EnvyFol"" Syrah, Pays d'Oc IGP, 2021 ",Вино
"г. Москва, ул. Бакунинская, д. 26-30",2025-02-04 23:53:54,1099,989,в182854,"Вино ""Gabia"" Vinho Verde DOC ",Вино
"г. Москва, ул. Бакунинская, д. 26-30",2025-02-04 23:53:53,999,799,в248921,"Вино ""Bendito"" Moscato, 2024 ",Вино
"г. Москва, ул. Бакунинская, д. 26-30",2025-02-04 23:53:55,759,759,в209688,"Вино Luis Felipe Edwards, ""Bendito"" Moscato, Central Valley DO, 2022 ",Вино
"г. Москва, ул. Бакунинская, д. 26-30",2025-02-04 23:53:54,1199,959,в235547,"Вино ""Cibolo"" Sauvignon Blanc, 2023 ",Вино
"г. Москва, ул. Бакунинская, д. 26-30",2025-02-04 23:53:55,1099,1099,в217043,"Вино ""Cibolo"" Sauvignon Blanc, 2022 ",Вино
"г. Москва, ул. Бакунинская, д. 26-30",2025-02-04 23:53:57,2299,1949,в247779,"Вино Chateau Hyot, Castillon Cotes de Bordeaux AOP, 2019 ",Вино
"г. Москва, ул. Бакунинская, д. 26-30",2025-02-04 23:53:57,1990,1990,в206495,"Вино Chateau Hyot, Castillon Cotes de Bordeaux AOP, 2018 ",Вино
"г. Москва, ул. Бакунинская, д. 26-30",2025-02-04 23:53:59,1780,1780,в134381,"Вино Chateau Hyot, Castillon Cotes de Bordeaux AOP, 2016 ",Вино
"г. Москва, ул. Бакунинская, д. 26-30",2025-02-04 23:53:56,1399,1099,в235534,"Вино Cantina Diomede, ""Folia"" Bombino Bianco, Puglia IGP, 2023 ",Вино
"г. Москва, ул. Бакунинская, д. 26-30",2025-02-04 23:53:57,970,970,в123333,"Вино Cantina Diomede, ""Folia"" Bombino Bianco, Puglia IGP, 2018 ",Вино
"г. Москва, ул. Бакунинская, д. 26-30",2025-02-04 23:53:58,999,999,в201713,"Вино Cantina Diomede, ""Folia"" Bombino Bianco, Puglia IGP, 2021 ",Вино
"г. Москва, ул. Бакунинская, д. 26-30",2025-02-04 23:53:59,999,999,в164196,"Вино Cantina Diomede, ""Folia"" Bombino Bianco, Puglia IGP, 2020 ",Вино
"г. Москва, ул. Бакунинская, д. 26-30",2025-02-04 23:53:59,1099,1099,в211739,"Вино Cantina Diomede, ""Folia"" Bombino Bianco, Puglia IGP, 2022 ",Вино
"г. Москва, ул. Бакунинская, д. 26-30",2025-02-04 23:53:57,1399,1399,в235546,"Вино Familia Bastida, ""Drama"" Red Blend, La Mancha DO, 2020 ",Вино
"г. Москва, ул. Бакунинская, д. 26-30",2025-02-04 23:53:58,899,899,в150478,"Вино Familia Bastida, ""Drama"" Red Blend, La Mancha DO, 2017 ",Вино
"г. Москва, ул. Бакунинская, д. 26-30",2025-02-04 23:53:59,999,999,в171421,"Вино Familia Bastida, ""Drama"" Red Blend, La Mancha DO, 2018 ",Вино
"г. Москва, ул. Бакунинская, д. 26-30",2025-02-04 23:54:00,859,859,в106872,"Вино Familia Bastida, ""Drama"" Red Blend, La Mancha DO, 2015 ",Вино
"г. Москва, ул. Бакунинская, д. 26-30",2025-02-04 23:54:01,1199,1199,в198166,"Вино Familia Bastida, ""Drama"" Red Blend, La Mancha DO, 2019 ",Вино
"г. Москва, ул. Бакунинская, д. 26-30",2025-02-04 23:54:01,1299,1299,в243536,"Вино Vega Moragona, ""Tradicion"" Cabernet Sauvignon, Ribera del Jucar DO, 2022 ",Вино
"г. Москва, ул. Бакунинская, д. 26-30",2025-02-04 23:54:02,1199,1199,в232841,"Вино Vega Moragona, ""Tradicion"" Cabernet Sauvignon, Ribera del Jucar DO, 2020 ",Вино
"г. Москва, ул. Бакунинская, д. 26-30",2025-02-04 23:54:00,1599,1599,в240892,"Вино Lavau, ""EnvyFol"" Chardonnay, Pays d'Oc IGP, 2023 ",Вино
"г. Москва, ул. Бакунинская, д. 26-30",2025-02-04 23:54:02,1199,1199,в192647,"Вино Lavau, ""EnvyFol"" Chardonnay, Pays d'Oc IGP, 2021 ",Вино
"г. Москва, ул. Бакунинская, д. 26-30",2025-02-04 23:54:03,1299,1299,в207034,"Вино Lavau, ""EnvyFol"" Chardonnay, Pays d'Oc IGP, 2022 ",Вино
"г. Москва, ул. Бакунинская, д. 26-30",2025-02-04 23:53:56,2799,2490,в243524,"Вино Ramirez de la Piscina, Reserva, Rioja DOCa, 2019 ",Вино
"г. Москва, ул. Бакунинская, д. 26-30",2025-02-04 23:53:58,1750,1750,в122045,"Вино Ramirez de la Piscina, Reserva, Rioja DOCa, 2014 ",Вино
"г. Москва, ул. Бакунинская, д. 26-30",2025-02-04 23:53:59,1999,1999,в150479,"Вино Ramirez de la Piscina, Reserva, Rioja DOCa, 2015 ",Вино
"г. Москва, ул. Бакунинская, д. 26-30",2025-02-04 23:54:00,1999,1999,в179831,"Вино Ramirez de la Piscina, Reserva, Rioja DOCa, 2016 ",Вино
"г. Москва, ул. Бакунинская, д. 26-30",2025-02-04 23:54:02,2499,2499,в223537,"Вино Ramirez de la Piscina, Reserva, Rioja DOCa, 2018 ",Вино
"г. Москва, ул. Бакунинская, д. 26-30",2025-02-04 23:54:03,1999,1999,в198159,"Вино Ramirez de la Piscina, Reserva, Rioja DOCa, 2017 ",Вино
"г. Москва, ул. Бакунинская, д. 26-30",2025-02-04 23:54:04,1699,1499,в247792,"Вино ""Las Bas"" Gewurztraminer, Somontano DO, 2023 ",Вино
"г. Москва, ул. Бакунинская, д. 26-30",2025-02-04 23:54:04,1999,1999,в232847,"Вино Covinas, ""Veterum Vitium"" Orange, Utiel-Requena DOP, 2022 ",Вино
"г. Москва, ул. Бакунинская, д. 26-30",2025-02-04 23:54:05,1999,1999,в217052,"Вино Covinas, ""Veterum Vitium"" Orange, Utiel-Requena DOP, 2021 ",Вино
"г. Москва, ул. Бакунинская, д. 26-30",2025-02-04 23:54:03,1499,1499,в247786,"Вино Connoisseur, ""Le Cheval Marin"" Colombard-Sauvignon Blanc-Gros Manseng, Cotes de Gascogne IGP, 2023 ",Вино
"г. Москва, ул. Бакунинская, д. 26-30",2025-02-04 23:54:04,1299,1299,в124960,"Вино Connoisseur, ""Le Cheval Marin"" Colombard-Sauvignon-Gros Manseng, Cotes de Gascogne IGP, 2018 ",Вино
"г. Москва, ул. Бакунинская, д. 26-30",2025-02-04 23:54:04,1419,1419,в184080,"Вино Connoisseur, ""Le Cheval Marin"" Colombard-Sauvignon Blanc-Gros Manseng, Cotes de Gascogne IGP, 2020 ",Вино
"г. Москва, ул. Бакунинская, д. 26-30",2025-02-04 23:54:05,1419,1419,в196229,"Вино Connoisseur, ""Le Cheval Marin"" Colombard-Sauvignon Blanc-Gros Manseng, Cotes de Gascogne IGP, 2021 ",Вино
"г. Москва, ул. Бакунинская, д. 26-30",2025-02-04 23:54:06,1299,1299,в227168,"Вино Connoisseur, ""Le Cheval Marin"" Colombard-Sauvignon Blanc-Gros Manseng, Cotes de Gascogne IGP, 2022 ",Вино
"г. Москва, ул. Бакунинская, д. 26-30",2025-02-04 23:54:13,1299,1039,в235551,"Вино ""Masamadre"" Red Blend, Calatayud DO, 2020 ",Вино
"г. Москва, ул. Бакунинская, д. 26-30",2025-02-04 23:54:11,1499,1199,в243531,"Вино ""Flor de Sara"" Vendimia Seleccionada, Rioja DOC, 2022 ",Вино
"г. Москва, ул. Бакунинская, д. 26-30",2025-02-04 23:54:13,1399,1399,в223542,"Вино ""Flor de Sara"" Vendimia Seleccionada, Rioja DOC, 2021 ",Вино
"г. Москва, ул. Бакунинская, д. 26-30",2025-02-04 23:54:16,1099,1099,в192668,"Вино ""Flor de Sara"" Vendimia Seleccionada, Rioja DOC, 2019 ",Вино
"г. Москва, ул. Бакунинская, д. 26-30",2025-02-04 23:54:14,1199,959,в235561,"Вино ""Vina Tempero"" Verdejo Viura, Rueda DO, 2023 ",Вино
"г. Москва, ул. Бакунинская, д. 26-30",2025-02-04 23:54:16,1199,1199,в221490,"Вино ""Vina Tempero"" Verdejo Viura, Rueda DO, 2022 ",Вино
"г. Москва, ул. Бакунинская, д. 26-30",2025-02-04 23:54:16,1299,1299,в243534,"Вино Vega Moragona, ""Tradicion"" Syrah, Ribera del Jucar DO, 2022 ",Вино
"г. Москва, ул. Бакунинская, д. 26-30",2025-02-04 23:54:18,1199,1199,в232840,"Вино Vega Moragona, ""Tradicion"" Syrah, Ribera del Jucar DO, 2021 ",Вино
"г. Москва, ул. Бакунинская, д. 26-30",2025-02-04 23:54:18,1999,1599,в247778,"Вино ""Valvirginio"" Chianti DOCG Riserva, 2021 ",Вино
"г. Москва, ул. Бакунинская, д. 26-30",2025-02-04 23:54:21,1999,1999,в221494,"Вино ""Valvirginio"" Chianti DOCG Riserva, 2020 ",Вино
"г. Москва, ул. Бакунинская, д. 26-30",2025-02-04 23:54:21,999,999,в221481,"Вино Familia Bastida, ""Talma"" Syrah, 2022 ",Вино
"г. Москва, ул. Бакунинская, д. 26-30",2025-02-04 23:54:22,799,799,в192605,"Вино Familia Bastida, ""Talma"" Syrah, 2021 ",Вино
"г. Москва, ул. Бакунинская, д. 26-30",2025-02-04 23:54:23,1499,1199,в247787,"Вино Connoisseur, ""Les Gardien des Cieux"", Cotes de Gascogne IGP, 2023 ",Вино
"г. Москва, ул. Бакунинская, д. 26-30",2025-02-04 23:54:26,1299,1299,в227170,"Вино Connoisseur, ""Les Gardien des Cieux"", Cotes de Gascogne IGP, 2022 ",Вино
"г. Москва, ул. Бакунинская, д. 26-30",2025-02-04 23:54:22,1199,1199,в243537,"Вино Alceno, ""Ally Bay"" Sauvignon Blanc, 2023 ",Вино
"г. Москва, ул. Бакунинская, д. 26-30",2025-02-04 23:54:24,999,999,в198164,"Вино Alceno, ""Ally Bay"" Sauvignon Blanc, 2021 ",Вино
"г. Москва, ул. Бакунинская, д. 26-30",2025-02-04 23:54:27,999,999,в211728,"Вино Alceno, ""Ally Bay"" Sauvignon Blanc, 2022 ",Вино
"г. Москва, ул. Бакунинская, д. 26-30",2025-02-04 23:54:26,2299,1999,в247782,"Вино ""Flor de Sara"" Reserva, Rioja DOC, 2019 ",Вино
"г. Москва, ул. Бакунинская, д. 26-30",2025-02-04 23:54:28,2199,2199,в206497,"Вино ""Flor de Sara"" Reserva, Rioja DOC, 2018 ",Вино
"г. Москва, ул. Бакунинская, д. 26-30",2025-02-04 23:54:31,1599,1599,в192664,"Вино ""Flor de Sara"" Reserva, Rioja DOC, 2015 ",Вино
"г. Москва, ул. Бакунинская, д. 26-30",2025-02-04 23:54:32,2499,2499,в240889,"Вино Santa Tresa, ""Insieme"" Orange, Terre Siciliane IGP, 2023 ",Вино
"г. Москва, ул. Бакунинская, д. 26-30",2025-02-04 23:54:36,1599,1599,в243540,"Вино ""La Calla"" Pinot Nero, Provincia di Pavia IGT, 2022 ",Вино
"г. Москва, ул. Бакунинская, д. 26-30",2025-02-04 23:54:32,1299,1299,в211752,"Вино ""Corkout"" Zweigelt, 2021 ",Вино
"г. Москва, ул. Бакунинская, д. 26-30",2025-02-04 23:54:34,999,999,в182469,"Вино ""Corkout"" Zweigelt, 2020 ",Вино
"г. Москва, ул. Бакунинская, д. 26-30",2025-02-04 23:54:36,929,929,в160049,"Вино ""Corkout"" Zweigelt, 2018 ",Вино
"г. Москва, ул. Бакунинская, д. 26-30",2025-02-04 23:54:26,1399,1399,в248239,"Вино Connoisseur, ""L'Eternelle Fidele"" Colombard-Ugni Blanc, Cotes de Gascogne IGP, 2023 ",Вино
"г. Москва, ул. Бакунинская, д. 26-30",2025-02-04 23:54:29,1309,1309,в124954,"Вино Connoisseur, ""L'Eternelle Fidele"" Colombard-Ugni Blanc, Cotes de Gascogne IGP, 2018 ",Вино
"г. Москва, ул. Бакунинская, д. 26-30",2025-02-04 23:54:32,1329,1329,в184081,"Вино Connoisseur, ""L'Eternelle Fidele"" Colombard-Ugni Blanc, Cotes de Gascogne IGP, 2020 ",Вино
"г. Москва, ул. Бакунинская, д. 26-30",2025-02-04 23:54:35,1290,1290,в196230,"Вино Connoisseur, ""L'Eternelle Fidele"" Colombard-Ugni Blanc, Cotes de Gascogne IGP, 2021 ",Вино
"г. Москва, ул. Бакунинская, д. 26-30",2025-02-04 23:54:38,1199,1199,в227166,"Вино Connoisseur, ""L'Eternelle Fidele"" Colombard-Ugni Blanc, Cotes de Gascogne IGP, 2022 ",Вино
"г. Москва, ул. Бакунинская, д. 26-30",2025-02-04 23:54:41,4790,4790,в235542,"Вино Ramirez de la Piscina, Gran Reserva, Rioja DOCa, 2016 ",Вино
"г. Москва, ул. Бакунинская, д. 26-30",2025-02-04 23:54:43,3990,3990,в211761,"Вино Ramirez de la Piscina, Gran Reserva, Rioja DOCa, 2014 ",Вино
"г. Москва, ул. Бакунинская, д. 26-30",2025-02-04 23:54:37,1599,1299,в247788,"Вино Connoisseur, ""Le Grand Dormeur"" Gros Manseng, Cotes de Gascogne IGP, 2023 ",Вино
"г. Москва, ул. Бакунинская, д. 26-30",2025-02-04 23:54:39,1129,1129,в124958,"Вино Connoisseur, ""Le Grand Dormeur"" Gros Manseng, Cotes de Gascogne IGP, 2018 ",Вино
"г. Москва, ул. Бакунинская, д. 26-30",2025-02-04 23:54:43,1709,1709,в184077,"Вино Connoisseur, ""Le Grand Dormeur"" Gros Manseng, Cotes de Gascogne IGP, 2019 ",Вино
"г. Москва, ул. Бакунинская, д. 26-30",2025-02-04 23:54:45,1709,1709,в194256,"Вино Connoisseur, ""Le Grand Dormeur"" Gros Manseng, Cotes de Gascogne IGP, 2021 ",Вино
"г. Москва, ул. Бакунинская, д. 26-30",2025-02-04 23:54:43,1999,1999,в243538,"Вино Gunter Wenzl, Riesling, 2023 ",Вино
"г. Москва, ул. Бакунинская, д. 26-30",2025-02-04 23:54:46,1899,1899,в211755,"Вино Gunter Wenzl, Riesling, 2022 ",Вино
"г. Москва, ул. Бакунинская, д. 26-30",2025-02-04 23:54:41,1599,1599,в240891,"Вино ""40"" Appassimento, Puglia IGT, 2023 ",Вино
"г. Москва, ул. Бакунинская, д. 26-30",2025-02-04 23:54:43,1190,1190,в192644,"Вино ""40"" Appassimento, Puglia IGT, 2020 ",Вино
"г. Москва, ул. Бакунинская, д. 26-30",2025-02-04 23:54:46,1199,1199,в206485,"Вино ""40"" Appassimento, Puglia IGT, 2021 ",Вино
"г. Москва, ул. Бакунинская, д. 26-30",2025-02-04 23:54:49,1599,1599,в223544,"Вино ""40"" Appassimento, Puglia IGT, 2022 ",Вино
"г. Москва, ул. Бакунинская, д. 26-30",2025-02-04 23:54:51,2990,2290,в247791,"Вино Domaine de Champ Fleury, ""Les Vins Allegresse"" Pinot Noir, Bourgogne AOC, 2023 ",Вино
"г. Москва, ул. Бакунинская, д. 26-30",2025-02-04 23:54:48,2199,2199,в247783,"Вино ""Pierre Brecht"" Riesling, Alsace AOC, 2023 ",Вино
"г. Москва, ул. Бакунинская, д. 26-30",2025-02-04 23:54:50,1999,1999,в232822,"Вино ""Pierre Brecht"" Riesling, Alsace AOC, 2022 ",Вино
"г. Москва, ул. Бакунинская, д. 26-30",2025-02-04 23:54:52,1999,1999,в217045,"Вино ""Pierre Brecht"" Riesling, Alsace AOC, 2021 ",Вино
"г. Москва, ул. Бакунинская, д. 26-30",2025-02-04 23:54:51,2199,2199,в227161,"Вино Montedidio, ""Vino Antorino"" Primitivo, Puglia IGT, 2022 ",Вино
"г. Москва, ул. Бакунинская, д. 26-30",2025-02-04 23:54:55,1499,1499,в198244,"Вино Montedidio, ""Vino Antorino"" Primitivo, Puglia IGT, 2021 ",Вино
"г. Москва, ул. Бакунинская, д. 26-30",2025-02-04 23:54:56,1699,1699,в247784,"Вино ""Alain de la Treille"" Sauvignon Blanc VdF, 2023 ",Вино
"г. Москва, ул. Бакунинская, д. 26-30",2025-02-04 23:54:58,1499,1499,в227171,"Вино ""Alain de la Treille"" Sauvignon Blanc VdF, 2022 ",Вино
"г. Москва, ул. Бакунинская, д. 26-30",2025-02-04 23:54:58,1499,1499,в182857,"Вино Casa Ermelinda Freitas, Moscatel de Setubal DO ",Вино
"г. Москва, ул. Бакунинская, д. 26-30",2025-02-04 23:54:54,1599,1599,в235549,"Вино ""Bermont"" Rouge, Pays d'Herault IGP, 2023 ",Вино
"г. Москва, ул. Бакунинская, д. 26-30",2025-02-04 23:54:57,1399,1399,в223545,"Вино ""Bermont"" Rouge, Pays d'Herault IGP, 2022 ",Вино
"г. Москва, ул. Бакунинская, д. 26-30",2025-02-04 23:55:00,1099,1099,в198318,"Вино ""Bermont"" Rouge, Pays d'Herault IGP, 2020 ",Вино
"г. Москва, ул. Бакунинская, д. 26-30",2025-02-04 23:54:59,1699,1699,в247785,"Вино ""Alain de la Treille"" Pinot Noir VdF, 2023 ",Вино
"г. Москва, ул. Бакунинская, д. 26-30",2025-02-04 23:55:00,1499,1499,в227173,"Вино ""Alain de la Treille"" Pinot Noir VdF, 2022 ",Вино
"г. Москва, ул. Бакунинская, д. 26-30",2025-02-04 23:54:14,1699,1699,в243541,"Вино ""La Calla"" Appassimento, Puglia IGT, 2022 ",Вино
"г. Москва, ул. Бакунинская, д. 26-30",2025-02-04 23:54:16,999,999,в206546,"Вино ""Varanda dos Reis"" Rosado, Vinho Verde DOC ",Вино
"г. Москва, ул. Бакунинская, д. 26-30",2025-02-04 23:54:15,1699,1699,в192600,"Вино Montedidio, ""San Domino"" Primitivo, Puglia IGT, 2021 ",Вино
"г. Москва, ул. Бакунинская, д. 26-30",2025-02-04 23:54:17,1149,1149,в139601,"Вино Montedidio, ""San Domino"" Primitivo, Puglia IGT, 2018 ",Вино
"г. Москва, ул. Бакунинская, д. 26-30",2025-02-04 23:54:20,1199,1199,в160650,"Вино Montedidio, ""San Domino"" Primitivo, Puglia IGT, 2019 ",Вино
"г. Москва, ул. Бакунинская, д. 26-30",2025-02-04 23:54:23,1099,1099,в173727,"Вино Montedidio, ""San Domino"" Primitivo, Puglia IGT, 2020 ",Вино
"г. Москва, ул. Бакунинская, д. 26-30",2025-02-04 23:54:16,1999,1999,в235559,"Вино Weingut Hauck, Riesling Spatlese Alte Reben Trocken, 2023 ",Вино
"г. Москва, ул. Бакунинская, д. 26-30",2025-02-04 23:54:19,1699,1699,в179843,"Вино Weingut Hauck, Riesling Spatlese Alte Reben Trocken, 2020 ",Вино
"г. Москва, ул. Бакунинская, д. 26-30",2025-02-04 23:54:22,1699,1699,в192603,"Вино Weingut Hauck, Riesling Spatlese Alte Reben Trocken, 2021 ",Вино
"г. Москва, ул. Бакунинская, д. 26-30",2025-02-04 23:54:25,1990,1990,в217053,"Вино Weingut Hauck, Riesling Spatlese Alte Reben Trocken, 2022 ",Вино
"г. Москва, ул. Бакунинская, д. 26-30",2025-02-04 23:54:22,1199,1199,в240888,"Вино Casa Ermelinda Freitas, ""Vinha da Fonte"" Touriga Nacional, 2022 ",Вино
"г. Москва, ул. Бакунинская, д. 26-30",2025-02-04 23:54:25,889,889,в179832,"Вино Casa Ermelinda Freitas, ""Vinha da Fonte"" Touriga Nacional, 2020 ",Вино
"г. Москва, ул. Бакунинская, д. 26-30",2025-02-04 23:54:27,1199,1199,в192601,"Вино Casa Ermelinda Freitas, ""Vinha da Fonte"" Touriga Nacional, 2021 ",Вино
"г. Москва, ул. Бакунинская, д. 26-30",2025-02-04 23:54:18,1699,1699,в232821,"Вино Chateau de la Turmeliere, Muscadet Sevre et Maine Sur Lie AOP, 2022 ",Вино
"г. Москва, ул. Бакунинская, д. 26-30",2025-02-04 23:54:21,1329,1329,в160645,"Вино Chateau de la Turmeliere, Muscadet Sevre et Maine Sur Lie AOP, 2019 ",Вино
"г. Москва, ул. Бакунинская, д. 26-30",2025-02-04 23:54:23,1349,1349,в134382,"Вино Chateau de la Turmeliere, Muscadet Sevre et Maine Sur Lie AOP, 2018 ",Вино
"г. Москва, ул. Бакунинская, д. 26-30",2025-02-04 23:54:26,1399,1399,в198258,"Вино Chateau de la Turmeliere, Muscadet Sevre et Maine Sur Lie AOP, 2021 ",Вино
"г. Москва, ул. Бакунинская, д. 26-30",2025-02-04 23:54:28,1299,1299,в174739,"Вино Chateau de la Turmeliere, Muscadet Sevre et Maine Sur Lie AOP, 2020 ",Вино
"г. Москва, ул. Бакунинская, д. 26-30",2025-02-04 23:54:30,1399,1399,в217046,"Вино Lavau, ""EnvyFol"" GSM, Pays d'Oc IGP, 2022 ",Вино
"г. Москва, ул. Бакунинская, д. 26-30",2025-02-04 23:54:32,1199,1199,в201740,"Вино Lavau, ""EnvyFol"" GSM, Pays d'Oc IGP, 2021 ",Вино
"г. Москва, ул. Бакунинская, д. 26-30",2025-02-04 23:54:35,2199,2199,в247780,"Вино Cantine Risveglio, ""Pecoranera"" Nero di Troia, Puglia IGT, 2022 ",Вино
"г. Москва, ул. Бакунинская, д. 26-30",2025-02-04 23:54:36,1839,1839,в164329,"Вино Cantine Risveglio, ""Pecoranera"" Nero di Troia, Puglia IGT, 2019 ",Вино
"г. Москва, ул. Бакунинская, д. 26-30",2025-02-04 23:54:39,1899,1899,в192675,"Вино Cantine Risveglio, ""Pecoranera"" Nero di Troia, Puglia IGT, 2020 ",Вино
"г. Москва, ул. Бакунинская, д. 26-30",2025-02-04 23:54:41,1999,1999,в217051,"Вино Cantine Risveglio, ""Pecoranera"" Nero di Troia, Puglia IGT, 2021 ",Вино
"г. Москва, ул. Бакунинская, д. 26-30",2025-02-04 23:54:33,1699,1699,в243528,"Вино Pitars, ""Braida Santa Cecilia"" Sauvignon, Friuli DOC, 2023 ",Вино
"г. Москва, ул. Бакунинская, д. 26-30",2025-02-04 23:54:36,1599,1599,в232828,"Вино Pitars, ""Braida Santa Cecilia"" Sauvignon, Friuli DOC, 2022 ",Вино
"г. Москва, ул. Бакунинская, д. 26-30",2025-02-04 23:54:39,1199,1199,в173926,"Вино Pitars, ""Braida Santa Cecilia"" Sauvignon, Friuli DOC, 2020 ",Вино
"г. Москва, ул. Бакунинская, д. 26-30",2025-02-04 23:54:43,1299,1299,в192593,"Вино Pitars, ""Braida Santa Cecilia"" Sauvignon, Friuli DOC, 2021 ",Вино
"г. Москва, ул. Бакунинская, д. 26-30",2025-02-04 23:54:33,999,999,в223539,"Вино Familia Bastida, ""Talma"" Garnacha, La Mancha DO, 2022 ",Вино
"г. Москва, ул. Бакунинская, д. 26-30",2025-02-04 23:54:36,799,799,в171428,"Вино Familia Bastida, ""Talma"" Garnacha, La Mancha DO, 2019 ",Вино
"г. Москва, ул. Бакунинская, д. 26-30",2025-02-04 23:54:39,799,799,в206491,"Вино Familia Bastida, ""Talma"" Garnacha, La Mancha DO, 2021 ",Вино
"г. Москва, ул. Бакунинская, д. 26-30",2025-02-04 23:54:43,799,799,в186429,"Вино Familia Bastida, ""Talma"" Garnacha, La Mancha DO, 2020 ",Вино
"г. Москва, ул. Бакунинская, д. 26-30",2025-02-04 23:54:28,1799,1799,в235558,"Вино Sander, Riesling, 2023 ",Вино
"г. Москва, ул. Бакунинская, д. 26-30",2025-02-04 23:54:32,1590,1590,в69463,"Вино Sander, Riesling Trocken, 2015 ",Вино
"г. Москва, ул. Бакунинская, д. 26-30",2025-02-04 23:54:35,1429,1429,в150485,"Вино Sander, Riesling Trocken, 2019 ",Вино
"г. Москва, ул. Бакунинская, д. 26-30",2025-02-04 23:54:39,1499,1499,в198254,"Вино Sander, Riesling Trocken, 2021 ",Вино
"г. Москва, ул. Бакунинская, д. 26-30",2025-02-04 23:54:43,1599,1599,в211741,"Вино Sander, Riesling Trocken, 2022 ",Вино
"г. Москва, ул. Бакунинская, д. 26-30",2025-02-04 23:54:46,1339,1339,в134397,"Вино Sander, Riesling Trocken, 2018 ",Вино
"г. Москва, ул. Бакунинская, д. 26-30",2025-02-04 23:54:49,1490,1490,в164202,"Вино Sander, Riesling Trocken, 2020 ",Вино
"г. Москва, ул. Бакунинская, д. 26-30",2025-02-04 23:54:46,1599,1599,в240887,"Вино ""Dumanet"" Chardonnay Grande Reserve, 2023 ",Вино
"г. Москва, ул. Бакунинская, д. 26-30",2025-02-04 23:54:50,1499,1499,в211766,"Вино ""Dumanet"" Chardonnay Grande Reserve, 2022 ",Вино
"г. Москва, ул. Бакунинская, д. 26-30",2025-02-04 23:54:47,1299,1299,в240886,"Вино ""Dumanet"" Merlot, Pays d'Oc IGP, 2023 ",Вино
"г. Москва, ул. Бакунинская, д. 26-30",2025-02-04 23:54:50,1299,1299,в223546,"Вино ""Dumanet"" Merlot, Pays d'Oc IGP, 2022 ",Вино
"г. Москва, ул. Бакунинская, д. 26-30",2025-02-04 23:54:47,1399,1399,в232825,"Вино Lavau, ""EnvyFol"" Merlot, Pays d'Oc IGP, 2022 ",Вино
"г. Москва, ул. Бакунинская, д. 26-30",2025-02-04 23:54:50,1199,1199,в201742,"Вино Lavau, ""EnvyFol"" Merlot, Pays d'Oc IGP, 2020 ",Вино
"г. Москва, ул. Бакунинская, д. 26-30",2025-02-04 23:54:54,1990,1990,в243525,"Вино Ramirez de la Piscina, Blanco Fermentado en Barrica, Rioja DOCa, 2022 ",Вино
"г. Москва, ул. Бакунинская, д. 26-30",2025-02-04 23:54:57,1699,1699,в211759,"Вино Ramirez de la Piscina, Blanco Fermentado en Barrica, Rioja DOCa, 2020 ",Вино
"г. Москва, ул. Бакунинская, д. 26-30",2025-02-04 23:54:55,2490,2490,в235548,"Вино ""Vinos del Viento"" Amber, Campo de Borja DO, 2023 ",Вино
"г. Москва, ул. Бакунинская, д. 26-30",2025-02-04 23:54:58,2099,2099,в206492,"Вино ""Vinos del Viento"" Amber, Campo de Borja DO, 2022 ",Вино
"г. Москва, ул. Бакунинская, д. 26-30",2025-02-04 23:54:54,1499,1499,в243539,"Вино ""Corkout"" Gruner Veltliner, 2023 ",Вино
"г. Москва, ул. Бакунинская, д. 26-30",2025-02-04 23:54:57,1299,1299,в211750,"Вино ""Corkout"" Gruner Veltliner, 2022 ",Вино
"г. Москва, ул. Бакунинская, д. 26-30",2025-02-04 23:54:59,929,929,в160041,"Вино ""Corkout"" Gruner Veltliner, 2019 ",Вино
"г. Москва, ул. Бакунинская, д. 26-30",2025-02-04 23:55:01,999,999,в182467,"Вино ""Corkout"" Gruner Veltliner, 2021 ",Вино
"г. Москва, ул. Бакунинская, д. 26-30",2025-02-04 23:54:56,1699,1699,в221568,"Вино Cantina Diomede, ""Orea"" Primitivo, Puglia IGP, 2022 ",Вино
"г. Москва, ул. Бакунинская, д. 26-30",2025-02-04 23:54:58,1199,1199,в180286,"Вино Cantina Diomede, ""Orea"" Primitivo, Puglia IGP, 2020 ",Вино
"г. Москва, ул. Бакунинская, д. 26-30",2025-02-04 23:55:01,1299,1299,в206494,"Вино Cantina Diomede, ""Orea"" Primitivo, Puglia IGP, 2021 ",Вино
"г. Москва, ул. Бакунинская, д. 26-30",2025-02-04 23:55:03,1319,1319,в123335,"Вино Cantina Diomede, ""Orea"" Primitivo, Puglia IGP, 2017 ",Вино
"г. Москва, ул. Бакунинская, д. 26-30",2025-02-04 23:55:05,1299,1299,в154034,"Вино Cantina Diomede, ""Orea"" Primitivo, Puglia IGP, 2019 ",Вино
"г. Москва, ул. Бакунинская, д. 26-30",2025-02-04 23:55:02,2299,2299,в227160,"Вино Montemajor, ""Quattronotti"" Appassimento Negroamaro, Salento IGT, 2022 ",Вино
"г. Москва, ул. Бакунинская, д. 26-30",2025-02-04 23:55:05,1699,1699,в206498,"Вино Montemajor, ""Quattronotti"" Appassimento Negroamaro, Salento IGT, 2021 ",Вино
"г. Москва, ул. Бакунинская, д. 26-30",2025-02-04 23:55:07,1699,1699,в167812,"Вино Montemajor, ""Quattronotti"" Appassimento Negroamaro, Salento IGT, 2020 ",Вино
"г. Москва, ул. Бакунинская, д. 26-30",2025-02-04 23:55:06,2199,2199,в247781,"Вино Cantine Risveglio, ""Susu'"" Susumaniello, Salento IGT, 2022 ",Вино
"г. Москва, ул. Бакунинская, д. 26-30",2025-02-04 23:55:09,1999,1999,в201725,"Вино Cantine Risveglio, ""Susu'"" Susumaniello, Salento IGT, 2020 ",Вино
"г. Москва, ул. Бакунинская, д. 26-30",2025-02-04 23:55:12,1999,1999,в217050,"Вино Cantine Risveglio, ""Susu'"" Susumaniello, Salento IGT, 2021 ",Вино
"г. Москва, ул. Бакунинская, д. 26-30",2025-02-04 23:55:10,1499,1499,в217047,"Вино Lavau, ""LivAzur"", Mediterranee IGP, 2022 ",Вино
"г. Москва, ул. Бакунинская, д. 26-30",2025-02-04 23:55:13,1399,1399,в206548,"Вино Lavau, ""LivAzur"", Mediterranee IGP, 2021 ",Вино
"г. Москва, ул. Бакунинская, д. 26-30",2025-02-04 23:55:13,4390,4390,в232836,"Вино Montedidio, ""Papias"" Primitivo di Manduria DOC, 2021 ",Вино
"г. Москва, ул. Бакунинская, д. 26-30",2025-02-04 23:55:15,3290,3290,в198250,"Вино Montedidio, ""Papias"" Primitivo di Manduria DOC, 2018 ",Вино
"г. Москва, ул. Бакунинская, д. 26-30",2025-02-04 23:55:01,1399,1399,в232838,"Вино ""Hoffman"" Sauvignon Blanc, 2023 ",Вино
"г. Москва, ул. Бакунинская, д. 26-30",2025-02-04 23:55:03,839,839,в123336,"Вино ""Hoffman"" Sauvignon Blanc, 2018 ",Вино
"г. Москва, ул. Бакунинская, д. 26-30",2025-02-04 23:55:05,839,839,в142486,"Вино ""Hoffman"" Sauvignon Blanc, 2019 ",Вино
"г. Москва, ул. Бакунинская, д. 26-30",2025-02-04 23:55:09,1180,1180,в160654,"Вино ""Hoffman"" Sauvignon Blanc, 2020 ",Вино
"г. Москва, ул. Бакунинская, д. 26-30",2025-02-04 23:55:13,1199,1199,в182457,"Вино ""Hoffman"" Sauvignon Blanc, 2021 ",Вино
"г. Москва, ул. Бакунинская, д. 26-30",2025-02-04 23:55:16,1299,1299,в211735,"Вино ""Hoffman"" Sauvignon Blanc, 2022 ",Вино
"г. Москва, ул. Бакунинская, д. 26-30",2025-02-04 23:55:16,1599,1599,в227158,"Вино ""40"" Quaranta Zinfandel, Puglia IGT, 2022 ",Вино
"г. Москва, ул. Бакунинская, д. 26-30",2025-02-04 23:55:18,1199,1199,в192645,"Вино ""40"" Quaranta Zinfandel, Puglia IGT, 2020 ",Вино
"г. Москва, ул. Бакунинская, д. 26-30",2025-02-04 23:55:20,1199,1199,в206486,"Вино ""40"" Quaranta Zinfandel, Puglia IGT, 2021 ",Вино
"г. Москва, ул. Бакунинская, д. 26-30",2025-02-04 23:57:27,5490,4550,в247790,"Шампанское ""Henry de Valbert"" Cuvee Tradition Brut, Champagne AOC ",Шампанское
"г. Москва, ул. Бакунинская, д. 26-30",2025-02-04 23:57:27,1599,1599,в217041,"Игристое вино Bodegas San Valero, ""Origium"" Brut Nature Cava ",Шампанское
"г. Москва, ул. Бакунинская, д. 26-30",2025-02-04 23:57:27,2799,2799,в198197,"Игристое вино ""Pierre Brecht"" Cremant d'Alsace Blanc de Noirs Brut AOC ",Шампанское
"г. Москва, ул. Бакунинская, д. 26-30",2025-02-04 23:57:27,1799,1799,в122544,"Игристое вино Marsuret, ""L'Ars"" Prosecco Treviso DOC Brut ",Шампанское
"г. Москва, ул. Бакунинская, д. 26-30",2025-02-04 23:57:29,2299,2299,в122541,"Игристое вино Marsuret, Prosecco Valdobiadene Superiore ""San Boldo"" DOCG Brut ",Шампанское
"г. Москва, ул. Бакунинская, д. 26-30",2025-02-04 23:57:29,1799,1799,в247789,"Игристое вино Pitars, Prosecco DOC Brut ",Шампанское
"г. Москва, ул. Бакунинская, д. 26-30",2025-02-04 23:57:29,2490,2490,в33435,"Игристое вино ""Mondoro"" Prosecco DOC ",Шампанское
"г. Москва, ул. Бакунинская, д. 26-30",2025-02-04 23:57:30,3799,3799,в33436,"Игристое вино ""Mondoro"" Prosecco DOC, gift box ",Шампанское
"г. Москва, ул. Бакунинская, д. 26-30",2025-02-04 23:57:31,2190,2190,в235253,"Игристое вино Canti, Asti DOCG, 2023 ",Шампанское
"г. Москва, ул. Бакунинская, д. 26-30",2025-02-04 23:57:32,989,989,в252092,"Игристое вино Canti, Asti DOCG, 2023,  200 мл",Шампанское
"г. Москва, ул. Бакунинская, д. 26-30",2025-02-04 23:57:30,2190,2190,в16638,"Игристое вино ""Martini"" Prosecco DOC ",Шампанское
"г. Москва, ул. Бакунинская, д. 26-30",2025-02-04 23:57:32,429,429,в35652,"Игристое вино ""Martini"" Prosecco DOC,  200 мл",Шампанское
"г. Москва, ул. Бакунинская, д. 26-30",2025-02-04 23:57:33,2790,2790,в51159,"Игристое вино ""Martini"" Prosecco DOC, gift box ",Шампанское
"г. Москва, ул. Бакунинская, д. 26-30",2025-02-04 23:57:33,739,739,в89972,"Игристое вино ""Martini"" Prosecco DOC,  187 мл",Шампанское
"г. Москва, ул. Бакунинская, д. 26-30",2025-02-04 23:57:29,2490,2490,в2603,"Игристое вино Asti ""Martini"" ",Шампанское
"г. Москва, ул. Бакунинская, д. 26-30",2025-02-04 23:57:30,1329,1329,в2600,"Игристое вино Asti Martini,  375 мл",Шампанское
"г. Москва, ул. Бакунинская, д. 26-30",2025-02-04 23:57:31,2790,2790,в2604,"Игристое вино Asti ""Martini"", gift box ",Шампанское
"г. Москва, ул. Бакунинская, д. 26-30",2025-02-04 23:57:32,3250,3250,в2606,"Игристое вино Asti Martini, in box,  1.5 л",Шампанское
"г. Москва, ул. Бакунинская, д. 26-30",2025-02-04 23:57:33,13990,13990,в2607,"Игристое вино Asti ""Martini"", in box,  6 л",Шампанское
"г. Москва, ул. Бакунинская, д. 26-30",2025-02-04 23:57:34,470,470,в16637,"Игристое вино Asti ""Martini"",  200 мл",Шампанское
"г. Москва, ул. Бакунинская, д. 26-30",2025-02-04 23:57:35,3410,3410,в56089,"Игристое вино Asti ""Martini"",  1.5 л",Шампанское
"г. Москва, ул. Бакунинская, д. 26-30",2025-02-04 23:57:35,869,869,в92058,"Игристое вино Asti ""Martini"",  187 мл",Шампанское
"г. Москва, ул. Бакунинская, д. 26-30",2025-02-04 23:57:33,679,679,в11675,"Игристое вино Абрау-Дюрсо, ""Русское игристое"" Брют ",Шампанское
"г. Москва, ул. Бакунинская, д. 26-30",2025-02-04 23:57:35,319,319,в51418,"Игристое вино Абрау-Дюрсо, Брют,  375 мл",Шампанское
"г. Москва, ул. Бакунинская, д. 26-30",2025-02-04 23:57:36,899,899,в90720,"Игристое вино Абрау-Дюрсо, ""Русское игристое"" Брют, в подарочной коробке ",Шампанское
"г. Москва, ул. Бакунинская, д. 26-30",2025-02-04 23:57:37,229,229,в150330,"Игристое вино Абрау-Дюрсо, ""Русское игристое"" Брют,  200 мл",Шампанское
"г. Москва, ул. Бакунинская, д. 26-30",2025-02-04 23:57:35,649,649,в57823,"Игристое вино ""Chateau Tamagne"" Brut Blanc ",Шампанское
"г. Москва, ул. Бакунинская, д. 26-30",2025-02-04 23:57:36,209,209,в66861,"Игристое вино ""Chateau Tamagne"" Brut Blanc,  200 мл",Шампанское
"г. Москва, ул. Бакунинская, д. 26-30",2025-02-04 23:57:37,1360,1360,в94765,"Игристое вино ""Chateau Tamagne"" Brut Blanc,  1.5 л",Шампанское
"г. Москва, ул. Бакунинская, д. 26-30",2025-02-04 23:57:38,2140,2140,в86205,"Игристое вино Villa degli Olmi, ""Corte dei Rovi"" Extra Dry, Prosecco DOC ",Шампанское
"г. Москва, ул. Бакунинская, д. 26-30",2025-02-04 23:57:37,2150,2150,в2568,"Игристое вино Asti ""Mondoro"" ",Шампанское
"г. Москва, ул. Бакунинская, д. 26-30",2025-02-04 23:57:38,3120,3120,в2569,"Игристое вино Asti ""Mondoro"", gift box ",Шампанское
"г. Москва, ул. Бакунинская, д. 26-30",2025-02-04 23:57:39,2720,2720,в2572,"Игристое вино Asti ""Mondoro"", gift box,  1.5 л",Шампанское
"г. Москва, ул. Бакунинская, д. 26-30",2025-02-04 23:57:32,10990,7899,в2752,"Шампанское Moet & Chandon, Brut ""Imperial"", gift box ",Шампанское
"г. Москва, ул. Бакунинская, д. 26-30",2025-02-04 23:57:33,2120,2120,в2748,"Шампанское Moet & Chandon, Brut ""Imperial"",  200 мл",Шампанское
"г. Москва, ул. Бакунинская, д. 26-30",2025-02-04 23:57:34,7050,7050,в2749,"Шампанское Moet & Chandon, Brut ""Imperial"",  375 мл",Шампанское
"г. Москва, ул. Бакунинская, д. 26-30",2025-02-04 23:57:35,8990,8990,в2750,"Шампанское Moet & Chandon, Brut ""Imperial"" ",Шампанское
"г. Москва, ул. Бакунинская, д. 26-30",2025-02-04 23:57:36,26490,26490,в2751,"Шампанское Moet & Chandon, Brut ""Imperial"",  1.5 л",Шампанское
"г. Москва, ул. Бакунинская, д. 26-30",2025-02-04 23:57:38,78490,78490,в2753,"Шампанское Moet & Chandon, Brut ""Imperial"", with wooden box,  3 л",Шампанское
"г. Москва, ул. Бакунинская, д. 26-30",2025-02-04 23:57:39,138990,138990,в32221,"Шампанское Moet & Chandon, Brut ""Imperial"", with wooden box,  6 л",Шампанское
"г. Москва, ул. Бакунинская, д. 26-30",2025-02-04 23:57:40,218990,218990,в51625,"Шампанское Moet & Chandon, Brut ""Imperial"", with wooden box,  12 л",Шампанское
"г. Москва, ул. Бакунинская, д. 26-30",2025-02-04 23:57:41,10350,10350,в54925,"Шампанское Moet & Chandon, Brut ""Imperial"", gift box,  1.5 л",Шампанское
"г. Москва, ул. Бакунинская, д. 26-30",2025-02-04 23:57:40,1339,1339,в17531,"Игристое вино Абрау-Дюрсо, ""Виктор Дравиньи"" Брют ",Шампанское
"г. Москва, ул. Бакунинская, д. 26-30",2025-02-04 23:57:41,1099,1099,в46477,"Игристое вино Абрау-Дюрсо, ""Виктор Дравиньи"" Брют,  375 мл",Шампанское
"г. Москва, ул. Бакунинская, д. 26-30",2025-02-04 23:57:42,1719,1719,в143871,"Игристое вино Абрау-Дюрсо, ""Виктор Дравиньи"" Брют, в подарочной коробке ",Шампанское
"г. Москва, ул. Бакунинская, д. 26-30",2025-02-04 23:57:41,2570,2570,в56949,"Игристое вино ""La Gioiosa"" Prosecco DOC Treviso Brut ",Шампанское
"г. Москва, ул. Бакунинская, д. 26-30",2025-02-04 23:57:41,959,959,в76023,"Игристое вино ""La Gioiosa"" Prosecco DOC Treviso Brut,  200 мл",Шампанское
"г. Москва, ул. Бакунинская, д. 26-30",2025-02-04 23:57:42,1790,1790,в105148,"Игристое вино ""La Gioiosa"" Prosecco DOC Treviso Brut,  375 мл",Шампанское
"г. Москва, ул. Бакунинская, д. 26-30",2025-02-04 23:57:43,2990,2990,в185393,"Игристое вино ""La Gioiosa"" Prosecco DOC Treviso Brut, gift box ",Шампанское
"г. Москва, ул. Бакунинская, д. 26-30",2025-02-04 23:57:39,11310,11310,в2847,"Шампанское Veuve Clicquot, Brut, with gift box ",Шампанское
"г. Москва, ул. Бакунинская, д. 26-30",2025-02-04 23:57:41,5890,5890,в2845,"Шампанское ""Veuve Clicquot"" Brut,  375 мл",Шампанское
"г. Москва, ул. Бакунинская, д. 26-30",2025-02-04 23:57:42,10490,8990,в2846,"Шампанское Veuve Clicquot, Brut ",Шампанское
"г. Москва, ул. Бакунинская, д. 26-30",2025-02-04 23:57:42,12490,12490,в2848,"Шампанское Veuve Clicquot Brut with gift box,  1.5 л",Шампанское
"г. Москва, ул. Бакунинская, д. 26-30",2025-02-04 23:57:44,22490,22490,в205210,"Шампанское Veuve Clicquot, Brut,  1.5 л",Шампанское
"г. Москва, ул. Бакунинская, д. 26-30",2025-02-04 23:57:44,689,689,в11676,"Игристое вино Абрау-Дюрсо, ""Русское игристое"" Полусухое ",Шампанское
"г. Москва, ул. Бакунинская, д. 26-30",2025-02-04 23:57:44,1829,1829,в1052,"Игристое вино Casa Defra, Prosecco ",Шампанское
"г. Москва, ул. Бакунинская, д. 26-30",2025-02-04 23:57:44,849,849,в5075,"Игристое вино Casa Defra, Prosecco,  200 мл",Шампанское
"г. Москва, ул. Бакунинская, д. 26-30",2025-02-04 23:57:45,2190,2190,в34381,"Игристое вино Casa Defra, Prosecco, gift box ",Шампанское
"г. Москва, ул. Бакунинская, д. 26-30",2025-02-04 23:57:45,609,609,в29424,"Игристое вино ""Наследие Мастера ""Левъ Голицынъ"" Брют ",Шампанское
"г. Москва, ул. Бакунинская, д. 26-30",2025-02-04 23:57:46,199,199,в56295,"Игристое вино Наследие Мастера ""Левъ Голицынъ"" Брют,  200 мл",Шампанское
"г. Москва, ул. Бакунинская, д. 26-30",2025-02-04 23:57:46,3190,3190,в247755,"Шампанское Henri Martin et Fils, Cremant d'Alsace AOC Brut ",Шампанское
"г. Москва, ул. Бакунинская, д. 26-30",2025-02-04 23:57:45,11990,9990,в126871,"Шампанское Moet & Chandon, ""Nectar Imperial"" Semi-Sweet, gift box ",Шампанское
"г. Москва, ул. Бакунинская, д. 26-30",2025-02-04 23:57:46,11990,11990,в205213,"Шампанское Moet & Chandon, ""Nectar Imperial"" Semi-Sweet ",Шампанское
"г. Москва, ул. Бакунинская, д. 26-30",2025-02-04 23:57:47,2090,1390,в71013,"Игристое вино Codorniu, ""Nuviana"" Brut, Cava DO ",Шампанское
"г. Москва, ул. Бакунинская, д. 26-30",2025-02-04 23:57:47,2340,2340,в89811,"Игристое вино Codorniu, ""Nuviana"" Brut, Cava DO, gift box ",Шампанское
"г. Москва, ул. Бакунинская, д. 26-30",2025-02-04 23:57:51,479,479,в199153,"Игристое вино ""Меланж"" Брют белое ",Шампанское
"г. Москва, ул. Бакунинская, д. 26-30",2025-02-04 23:57:52,919,919,в224800,"Игристое вино ""Chateau de Talu"" Brut ",Шампанское
"г. Москва, ул. Бакунинская, д. 26-30",2025-02-04 23:57:54,639,639,в146102,"Игристое вино Инкерман, Кокур Белый Зеро Дозаж Экстра Брют ",Шампанское
"г. Москва, ул. Бакунинская, д. 26-30",2025-02-04 23:57:53,3000,3000,в121404,"Игристое вино ""Tholomies"" Brut, Cremant de Limoux AOC ",Шампанское
"г. Москва, ул. Бакунинская, д. 26-30",2025-02-04 23:57:54,3540,3540,в188670,"Игристое вино ""Tholomies"" Brut, Cremant de Limoux AOC, gift box ",Шампанское
"г. Москва, ул. Бакунинская, д. 26-30",2025-02-04 23:57:57,809,809,в186010,"Игристое вино Myskhako, ""Quintessence"" Sauvignon Blanc Brut ",Шампанское
"г. Москва, ул. Бакунинская, д. 26-30",2025-02-04 23:57:58,739,739,в234223,"Игристое вино ""Эндемы"" Ареал Рислинг Брют ",Шампанское
"г. Москва, ул. Бакунинская, д. 26-30",2025-02-04 23:57:59,1349,1349,в35469,"Игристое вино Абрау-Дюрсо, ""Виктор Дравиньи"" Красное ",Шампанское
"г. Москва, ул. Бакунинская, д. 26-30",2025-02-04 23:58:03,1129,1129,в160501,"Игристое вино Peter Mertes, ""Light House"" Sparkling Alcoholfree ",Шампанское
"г. Москва, ул. Бакунинская, д. 26-30",2025-02-04 23:57:58,1360,1360,в94765,"Игристое вино ""Chateau Tamagne"" Brut Blanc,  1.5 л",Шампанское
"г. Москва, ул. Бакунинская, д. 26-30",2025-02-04 23:58:01,649,649,в57823,"Игристое вино ""Chateau Tamagne"" Brut Blanc ",Шампанское
"г. Москва, ул. Бакунинская, д. 26-30",2025-02-04 23:58:04,209,209,в66861,"Игристое вино ""Chateau Tamagne"" Brut Blanc,  200 мл",Шампанское
"г. Москва, ул. Бакунинская, д. 26-30",2025-02-04 23:58:04,1249,1249,в81880,"Игристое вино Абрау-Дюрсо, Брют д'Ор Блан де Блан, 2012 ",Шампанское
"г. Москва, ул. Бакунинская, д. 26-30",2025-02-04 23:58:07,1329,1329,в81884,"Игристое вино Абрау-Дюрсо, Брют д'Ор Блан де Блан, 2013 ",Шампанское
"г. Москва, ул. Бакунинская, д. 26-30",2025-02-04 23:58:08,609,609,в139534,"Игристое вино Kuban-Vino, ""Fleurs du Sud"" White Brut ",Шампанское
"г. Москва, ул. Бакунинская, д. 26-30",2025-02-04 23:58:03,10490,8990,в2846,"Шампанское Veuve Clicquot, Brut ",Шампанское
"г. Москва, ул. Бакунинская, д. 26-30",2025-02-04 23:58:05,5890,5890,в2845,"Шампанское ""Veuve Clicquot"" Brut,  375 мл",Шампанское
"г. Москва, ул. Бакунинская, д. 26-30",2025-02-04 23:58:07,11310,11310,в2847,"Шампанское Veuve Clicquot, Brut, with gift box ",Шампанское
"г. Москва, ул. Бакунинская, д. 26-30",2025-02-04 23:58:10,12490,12490,в2848,"Шампанское Veuve Clicquot Brut with gift box,  1.5 л",Шампанское
"г. Москва, ул. Бакунинская, д. 26-30",2025-02-04 23:58:12,22490,22490,в205210,"Шампанское Veuve Clicquot, Brut,  1.5 л",Шампанское
"г. Москва, ул. Бакунинская, д. 26-30",2025-02-04 23:58:13,1829,1829,в140830,"Игристое вино ""Valvasore"" Prosecco DOC Brut Millesimato ",Шампанское
"г. Москва, ул. Бакунинская, д. 26-30",2025-02-04 23:58:14,609,609,в139535,"Игристое вино Kuban-Vino, ""Fleurs du Sud"" Rose ",Шампанское
"г. Москва, ул. Бакунинская, д. 26-30",2025-02-04 23:58:10,1770,1770,в72957,"Игристое вино ""Mastro Binelli"" Moscato ",Шампанское
"г. Москва, ул. Бакунинская, д. 26-30",2025-02-04 23:58:12,2720,2720,в29385,"Игристое вино ""Mastro Binelli"" Moscato,  1.5 л",Шампанское
"г. Москва, ул. Бакунинская, д. 26-30",2025-02-04 23:58:15,2890,2890,в108811,"Игристое вино ""Mastro Binelli"" Moscato, in tube,  1.5 л",Шампанское
"г. Москва, ул. Бакунинская, д. 26-30",2025-02-04 23:58:17,2410,2410,в116592,"Игристое вино ""Mastro Binelli"" Moscato, in tube ",Шампанское
"г. Москва, ул. Бакунинская, д. 26-30",2025-02-04 23:58:17,859,859,в202072,"Игристое вино ""Эндемы"" Пино Нуар Розе Брют ",Шампанское
"г. Москва, ул. Бакунинская, д. 26-30",2025-02-04 23:58:18,809,809,в186009,"Игристое вино Myskhako, ""Quintessence"" Zinfandel Rose ",Шампанское
"г. Москва, ул. Бакунинская, д. 26-30",2025-02-04 23:58:18,209,209,в66862,"Игристое вино ""Chateau Tamagne"" Semi-Sweet Blanc,  200 мл",Шампанское
"г. Москва, ул. Бакунинская, д. 26-30",2025-02-04 23:58:22,649,649,в57821,"Игристое вино ""Chateau Tamagne"" Semi-Sweet Blanc ",Шампанское
"г. Москва, ул. Бакунинская, д. 26-30",2025-02-04 23:58:22,919,919,в182785,"Игристое вино ""Эндемы"" Совиньон Брют ",Шампанское
"г. Москва, ул. Бакунинская, д. 26-30",2025-02-04 23:58:22,3490,3490,в46218,"Игристое вино Louis Bouillot, Brut ""Grande Reserve"", Cremant de Bourgogne AOC ",Шампанское
"г. Москва, ул. Бакунинская, д. 26-30",2025-02-04 23:58:26,4010,4010,в106361,"Шампанское Louis Bouillot, Brut ""Grande Reserve"", Cremant de Bourgogne AOC, gift box ",Шампанское
"г. Москва, ул. Бакунинская, д. 26-30",2025-02-04 23:58:26,199,199,в56295,"Игристое вино Наследие Мастера ""Левъ Голицынъ"" Брют,  200 мл",Шампанское
"г. Москва, ул. Бакунинская, д. 26-30",2025-02-04 23:58:29,609,609,в29424,"Игристое вино ""Наследие Мастера ""Левъ Голицынъ"" Брют ",Шампанское
"г. Москва, ул. Бакунинская, д. 26-30",2025-02-04 23:58:26,219,219,в187475,"Игристое вино ""La Petite Perle"" White, in can,  250 мл",Шампанское
"г. Москва, ул. Бакунинская, д. 26-30",2025-02-04 23:58:29,659,659,в187579,"Игристое вино ""La Petite Perle"" White ",Шампанское
"г. Москва, ул. Бакунинская, д. 26-30",2025-02-04 23:58:30,2990,2990,в128921,"Игристое вино ""Mastro Binelli"" Prosecco Brut DOC ",Шампанское
"г. Москва, ул. Бакунинская, д. 26-30",2025-02-04 23:58:27,1390,1390,в72949,"Игристое вино ""Mastro Binelli"" Brut ",Шампанское
"г. Москва, ул. Бакунинская, д. 26-30",2025-02-04 23:58:30,2720,2720,в72950,"Игристое вино ""Mastro Binelli"" Brut,  1.5 л",Шампанское
"г. Москва, ул. Бакунинская, д. 26-30",2025-02-04 23:58:33,2890,2890,в108810,"Игристое вино ""Mastro Binelli"" Brut, in tube,  1.5 л",Шампанское
"г. Москва, ул. Бакунинская, д. 26-30",2025-02-04 23:58:35,1649,1649,в115551,"Игристое вино ""Mastro Binelli"" Brut, in tube ",Шампанское
"г. Москва, ул. Бакунинская, д. 26-30",2025-02-04 23:57:54,2150,1190,в145806,"Игристое вино ""Tete de Cheval"" Semi-dry ",Шампанское
"г. Москва, ул. Бакунинская, д. 26-30",2025-02-04 23:57:57,1830,1830,в181723,"Игристое вино ""Tete de Cheval"" Semi-dry, gift box ",Шампанское
"г. Москва, ул. Бакунинская, д. 26-30",2025-02-04 23:57:57,2340,1680,в69297,"Игристое вино Schenk Italia, ""Fonte"" Prosecco DOC ",Шампанское
"г. Москва, ул. Бакунинская, д. 26-30",2025-02-04 23:57:57,649,649,в57821,"Игристое вино ""Chateau Tamagne"" Semi-Sweet Blanc ",Шампанское
"г. Москва, ул. Бакунинская, д. 26-30",2025-02-04 23:58:00,209,209,в66862,"Игристое вино ""Chateau Tamagne"" Semi-Sweet Blanc,  200 мл",Шампанское
"г. Москва, ул. Бакунинская, д. 26-30",2025-02-04 23:57:56,2299,2299,в12654,"Игристое вино ""Cinzano"" Spumante Prosecco ",Шампанское
"г. Москва, ул. Бакунинская, д. 26-30",2025-02-04 23:57:58,1080,1080,в73274,"Игристое вино ""Cinzano"" Spumante Prosecco, gift box ",Шампанское
"г. Москва, ул. Бакунинская, д. 26-30",2025-02-04 23:58:00,1770,1770,в213309,"Игристое вино ""Cinzano"" Spumante Prosecco,  375 мл",Шампанское
"г. Москва, ул. Бакунинская, д. 26-30",2025-02-04 23:58:01,1339,1339,в46483,"Игристое вино Абрау-Дюрсо, ""Виктор Дравиньи"" Полусухое ",Шампанское
"г. Москва, ул. Бакунинская, д. 26-30",2025-02-04 23:58:02,859,859,в90330,"Игристое вино ""Золотая Балка"" Белое полусухое ",Шампанское
"г. Москва, ул. Бакунинская, д. 26-30",2025-02-04 23:58:05,3430,3430,в246603,"Игристое вино ""Mondoro"" Rose Secco ",Шампанское
"г. Москва, ул. Бакунинская, д. 26-30",2025-02-04 23:58:06,1890,1890,в12652,"Игристое вино ""Cinzano"" Asti Spumante DOCG ",Шампанское
"г. Москва, ул. Бакунинская, д. 26-30",2025-02-04 23:58:09,1229,1229,в12653,"Игристое вино ""Cinzano"" Asti Spumante DOCG, gift box ",Шампанское
"г. Москва, ул. Бакунинская, д. 26-30",2025-02-04 23:58:11,1339,1339,в59317,"Игристое вино Абрау-Дюрсо, ""Виктор Дравиньи"" Полусладкое ",Шампанское
"г. Москва, ул. Бакунинская, д. 26-30",2025-02-04 23:58:16,609,609,в29423,"Игристое вино ""Наследие Мастера ""Левъ Голицынъ"" Полусухое ",Шампанское
"г. Москва, ул. Бакунинская, д. 26-30",2025-02-04 23:58:15,639,639,в89963,"Игристое вино ""Золотая Балка"" Белое Брют ",Шампанское
"г. Москва, ул. Бакунинская, д. 26-30",2025-02-04 23:58:18,469,469,в145394,"Игристое вино ""Золотая Балка"" Белое Брют, в подарочной коробке ",Шампанское
"г. Москва, ул. Бакунинская, д. 26-30",2025-02-04 23:58:07,2150,1190,в145805,"Игристое вино ""Tete de Cheval"" Brut ",Шампанское
"г. Москва, ул. Бакунинская, д. 26-30",2025-02-04 23:58:10,2310,2310,в154658,"Игристое вино ""Tete de Cheval"" Brut, gift box ",Шампанское
"г. Москва, ул. Бакунинская, д. 26-30",2025-02-04 23:58:12,1099,1099,в187155,"Игристое вино ""Tete de Cheval"" Brut,  375 мл",Шампанское
"г. Москва, ул. Бакунинская, д. 26-30",2025-02-04 23:58:15,5290,5290,в190444,"Игристое вино ""Tete de Cheval"" Brut,  1.5 л",Шампанское
"г. Москва, ул. Бакунинская, д. 26-30",2025-02-04 23:58:18,5290,5290,в230664,"Игристое вино ""Tete de Cheval"" Brut, gift box,  1.5 л",Шампанское
"г. Москва, ул. Бакунинская, д. 26-30",2025-02-04 23:58:06,12050,9990,в2755,"Шампанское Moet & Chandon, Brut ""Imperial"" Rose, gift box ",Шампанское
"г. Москва, ул. Бакунинская, д. 26-30",2025-02-04 23:58:09,11190,11190,в2754,"Шампанское Moet & Chandon, Brut ""Imperial"" Rose ",Шампанское
"г. Москва, ул. Бакунинская, д. 26-30",2025-02-04 23:58:12,3220,3220,в59160,"Шампанское Moet & Chandon, Brut ""Imperial"" Rose,  200 мл",Шампанское
"г. Москва, ул. Бакунинская, д. 26-30",2025-02-04 23:58:14,22990,22990,в79705,"Шампанское Moet & Chandon, Brut ""Imperial"" Rose,  1.5 л",Шампанское
"г. Москва, ул. Бакунинская, д. 26-30",2025-02-04 23:58:17,40490,40490,в116321,"Шампанское Moet & Chandon, Brut ""Imperial"" Rose, wooden box,  3 л",Шампанское
"г. Москва, ул. Бакунинская, д. 26-30",2025-02-04 23:58:20,40490,40490,в167748,"Шампанское Moet & Chandon, Brut ""Imperial"" Rose,  3 л",Шампанское
"г. Москва, ул. Бакунинская, д. 26-30",2025-02-04 23:58:22,1339,1339,в46480,"Игристое вино Абрау-Дюрсо, ""Виктор Дравиньи"" Экстра Брют ",Шампанское
"г. Москва, ул. Бакунинская, д. 26-30",2025-02-04 23:58:23,1929,1929,в2609,"Игристое вино ""Martini"" Brut ",Шампанское
"г. Москва, ул. Бакунинская, д. 26-30",2025-02-04 23:58:26,2020,2020,в35650,"Игристое вино ""Martini"" Brut, gift box ",Шампанское
"г. Москва, ул. Бакунинская, д. 26-30",2025-02-04 23:58:28,2190,2190,в165635,"Игристое вино ""Martini"" Rose Extra Dry, Prosecco DOC ",Шампанское
"г. Москва, ул. Бакунинская, д. 26-30",2025-02-04 23:58:26,2390,2390,в219193,"Игристое вино Canti, Prosecco, 2022 ",Шампанское
"г. Москва, ул. Бакунинская, д. 26-30",2025-02-04 23:58:30,589,589,в226869,"Игристое вино Canti, Prosecco, 2022,  200 мл",Шампанское
"г. Москва, ул. Бакунинская, д. 26-30",2025-02-04 23:58:31,639,639,в90025,"Игристое вино ""Золотая Балка"" Белое полусладкое ",Шампанское
"г. Москва, ул. Бакунинская, д. 26-30",2025-02-04 23:58:23,3390,3390,в3517,"Игристое вино Ruggeri, Prosecco Valdobbiadene Giall'Oro DOCG ",Шампанское
"г. Москва, ул. Бакунинская, д. 26-30",2025-02-04 23:58:26,9040,9040,в3518,"Игристое вино Ruggeri, Prosecco Valdobbiadene Giall'Oro DOCG,  1.5 л",Шампанское
"г. Москва, ул. Бакунинская, д. 26-30",2025-02-04 23:58:30,2390,2390,в5925,"Игристое вино Ruggeri, Prosecco Valdobbiadene Giall'Oro DOCG,  375 мл",Шампанское
"г. Москва, ул. Бакунинская, д. 26-30",2025-02-04 23:58:32,4099,4099,в10226,"Игристое вино Ruggeri, Prosecco Valdobbiadene Giall'Oro DOCG, gift box ",Шампанское
"г. Москва, ул. Бакунинская, д. 26-30",2025-02-04 23:58:31,2250,2250,в29700,"Игристое вино Mondoro, Rose Dolce ",Шампанское
"г. Москва, ул. Бакунинская, д. 26-30",2025-02-04 23:58:33,2250,2250,в29701,"Игристое вино Mondoro, ""Gran Cuvee"" Rose, gift box ",Шампанское
"г. Москва, ул. Бакунинская, д. 26-30",2025-02-04 23:58:36,679,679,в35475,"Игристое вино Абрау-Дюрсо, ""Русское игристое"" Красное полусладкое ",Шампанское
"г. Москва, ул. Бакунинская, д. 26-30",2025-02-04 23:58:35,1160,1160,в145807,"Игристое вино ""Tete de Cheval"" Sweet ",Шампанское
"г. Москва, ул. Бакунинская, д. 26-30",2025-02-04 23:58:37,1409,1409,в180728,"Игристое вино ""Tete de Cheval"" Sweet, gift box ",Шампанское
"г. Москва, ул. Бакунинская, д. 26-30",2025-02-04 23:58:34,679,679,в11682,"Игристое вино Абрау-Дюрсо, ""Русское игристое"" Полусладкое ",Шампанское
"г. Москва, ул. Бакунинская, д. 26-30",2025-02-04 23:58:36,319,319,в46515,"Игристое вино Абрау-Дюрсо, Полусладкое,  375 мл",Шампанское
"г. Москва, ул. Бакунинская, д. 26-30",2025-02-04 23:58:37,589,589,в90721,"Игристое вино Абрау-Дюрсо, Полусладкое, в подарочной коробке ",Шампанское
"г. Москва, ул. Бакунинская, д. 26-30",2025-02-04 23:58:39,219,219,в150331,"Игристое вино Абрау-Дюрсо, ""Русское игристое"" Полусладкое,  200 мл",Шампанское
"г. Москва, ул. Бакунинская, д. 26-30",2025-02-04 23:58:37,2590,2590,в29387,"Игристое вино Mondoro, Brut ",Шампанское
"г. Москва, ул. Бакунинская, д. 26-30",2025-02-04 23:58:39,3799,3799,в29388,"Игристое вино Mondoro, Brut, gift box ",Шампанское
"г. Москва, ул. Бакунинская, д. 26-30",2025-02-05 00:00:32,14190,12990,в101862,"Виски Macallan, ""Triple Cask Matured"" 12 Years Old, gift box,  0.7 л",Виски
"г. Москва, ул. Бакунинская, д. 26-30",2025-02-05 00:00:33,10490,10490,в106672,"Виски Macallan, ""Triple Cask Matured"" 12 Years Old, gift box,  0.5 л",Виски
"г. Москва, ул. Бакунинская, д. 26-30",2025-02-05 00:00:35,1490,1490,в114249,"Виски Macallan, ""Triple Cask Matured"" 12 Years Old, gift box,  50 мл",Виски
"г. Москва, ул. Бакунинская, д. 26-30",2025-02-05 00:00:36,14190,14190,в235346,"Виски Macallan, ""Triple Cask Matured"" 12 Years Old, gift box,  0.75 л",Виски
"г. Москва, ул. Бакунинская, д. 26-30",2025-02-05 00:00:33,11990,11990,в71280,"Виски ""Macallan"" Double Cask 12 Years Old, gift box,  0.7 л",Виски
"г. Москва, ул. Бакунинская, д. 26-30",2025-02-05 00:00:34,9990,9990,в183737,"Виски ""Macallan"" Double Cask 12 Years Old, gift box,  0.5 л",Виски
"г. Москва, ул. Бакунинская, д. 26-30",2025-02-05 00:00:35,14190,14190,в235347,"Виски Macallan ""Double Cask"" 12 Years Old, gift box,  0.75 л",Виски
"г. Москва, ул. Бакунинская, д. 26-30",2025-02-05 00:00:36,11490,11490,в246641,"Виски ""Macallan"" Double Cask 12 Years Old, gift box,  350 мл",Виски
"г. Москва, ул. Бакунинская, д. 26-30",2025-02-05 00:00:33,2199,1890,в8057,"Виски ""Ballantine's"" Finest,  0.7 л",Виски
"г. Москва, ул. Бакунинская, д. 26-30",2025-02-05 00:00:35,1890,1590,в2332,"Виски ""Ballantine's"" Finest,  0.5 л",Виски
"г. Москва, ул. Бакунинская, д. 26-30",2025-02-05 00:00:36,2790,2790,в2333,"Виски ""Ballantine's"" Finest,  1 л",Виски
"г. Москва, ул. Бакунинская, д. 26-30",2025-02-05 00:00:37,629,499,в8059,"Виски ""Ballantine's"" Finest,  50 мл",Виски
"г. Москва, ул. Бакунинская, д. 26-30",2025-02-05 00:00:38,309,309,в33518,"Виски ""Ballantine's"" Finest,  375 мл",Виски
"г. Москва, ул. Бакунинская, д. 26-30",2025-02-05 00:00:39,16990,16990,в37453,"Виски ""Ballantine's"" Finest,  4.5 л",Виски
"г. Москва, ул. Бакунинская, д. 26-30",2025-02-05 00:00:40,9990,9990,в83674,"Виски ""Ballantine's"" Finest,  3 л",Виски
"г. Москва, ул. Бакунинская, д. 26-30",2025-02-05 00:00:41,3600,3600,в96804,"Виски ""Ballantine's"" Finest,  2 л",Виски
"г. Москва, ул. Бакунинская, д. 26-30",2025-02-05 00:00:42,1319,1319,в158881,"Виски ""Ballantine's"" Finest,  200 мл",Виски
"г. Москва, ул. Бакунинская, д. 26-30",2025-02-05 00:00:43,2290,2290,в225051,"Виски ""Ballantine's"" Finest,  0.75 л",Виски
"г. Москва, ул. Бакунинская, д. 26-30",2025-02-05 00:00:37,4890,3790,в218011,"Виски ""Chivas Regal"" 12 Years Old, with box,  0.75 л",Виски
"г. Москва, ул. Бакунинская, д. 26-30",2025-02-05 00:00:38,2799,2799,в2346,"Виски ""Chivas Regal"" 12 years old, with box,  375 мл",Виски
"г. Москва, ул. Бакунинская, д. 26-30",2025-02-05 00:00:39,3849,2990,в2347,"Виски ""Chivas Regal"" 12 years old, with box,  0.5 л",Виски
"г. Москва, ул. Бакунинская, д. 26-30",2025-02-05 00:00:40,4890,3790,в2349,"Виски ""Chivas Regal"" 12 years old, with box,  0.7 л",Виски
"г. Москва, ул. Бакунинская, д. 26-30",2025-02-05 00:00:41,5990,4899,в2351,"Виски ""Chivas Regal"" 12 years old, with box,  1 л",Виски
"г. Москва, ул. Бакунинская, д. 26-30",2025-02-05 00:00:42,33990,33990,в2353,"Виски ""Chivas Regal"" 12 years old, with box,  4.5 л",Виски
"г. Москва, ул. Бакунинская, д. 26-30",2025-02-05 00:00:43,2090,2090,в160334,"Виски ""Chivas Regal"" 12 years old, with box,  350 мл",Виски
"г. Москва, ул. Бакунинская, д. 26-30",2025-02-05 00:00:43,1790,1790,в247080,"Виски ""Chivas Regal"" 12 Years Old, with box,  200 мл",Виски
"г. Москва, ул. Бакунинская, д. 26-30",2025-02-05 00:00:33,2849,2849,в2663,"Виски ""Jack Daniels"",  0.7 л",Виски
"г. Москва, ул. Бакунинская, д. 26-30",2025-02-05 00:00:34,2149,2149,в2661,"Виски Jack Daniels,  375 мл",Виски
"г. Москва, ул. Бакунинская, д. 26-30",2025-02-05 00:00:35,2590,1999,в2662,"Виски ""Jack Daniels"",  0.5 л",Виски
"г. Москва, ул. Бакунинская, д. 26-30",2025-02-05 00:00:36,3830,3830,в2666,"Виски ""Jack Daniels"",  1 л",Виски
"г. Москва, ул. Бакунинская, д. 26-30",2025-02-05 00:00:37,13990,13990,в2667,"Виски ""Jack Daniels"", on Cradle,  3 л",Виски
"г. Москва, ул. Бакунинская, д. 26-30",2025-02-05 00:00:38,359,359,в37754,"Виски ""Jack Daniels"",  50 мл",Виски
"г. Москва, ул. Бакунинская, д. 26-30",2025-02-05 00:00:39,420,420,в83581,"Виски Jack Daniels,  100 мл",Виски
"г. Москва, ул. Бакунинская, д. 26-30",2025-02-05 00:00:39,3549,3549,в126293,"Виски ""Jack Daniels"",  0.75 л",Виски
"г. Москва, ул. Бакунинская, д. 26-30",2025-02-05 00:00:40,1790,1790,в156418,"Виски ""Jack Daniels"",  350 мл",Виски
"г. Москва, ул. Бакунинская, д. 26-30",2025-02-05 00:00:41,8090,8090,в176092,"Виски ""Jack Daniels"",  1.75 л",Виски
"г. Москва, ул. Бакунинская, д. 26-30",2025-02-05 00:00:43,14990,14990,в216513,"Виски ""Jack Daniels"",  3 л",Виски
"г. Москва, ул. Бакунинская, д. 26-30",2025-02-05 00:00:43,16490,16490,в229515,"Виски ""Jack Daniels"",  1.5 л",Виски
"г. Москва, ул. Бакунинская, д. 26-30",2025-02-05 00:00:38,2690,2690,в14220,"Виски ""Jameson"",  0.7 л",Виски
"г. Москва, ул. Бакунинская, д. 26-30",2025-02-05 00:00:39,3699,3699,в2341,"Виски ""Jameson"",  1 л",Виски
"г. Москва, ул. Бакунинская, д. 26-30",2025-02-05 00:00:40,1349,1349,в18536,"Виски ""Jameson"",  350 мл",Виски
"г. Москва, ул. Бакунинская, д. 26-30",2025-02-05 00:00:41,2429,2429,в18537,"Виски ""Jameson"",  0.5 л",Виски
"г. Москва, ул. Бакунинская, д. 26-30",2025-02-05 00:00:42,509,459,в23135,"Виски ""Jameson"",  50 мл",Виски
"г. Москва, ул. Бакунинская, д. 26-30",2025-02-05 00:00:42,6990,6990,в72764,"Виски ""Jameson"",  1.75 л",Виски
"г. Москва, ул. Бакунинская, д. 26-30",2025-02-05 00:00:43,1119,1119,в158882,"Виски ""Jameson"",  200 мл",Виски
"г. Москва, ул. Бакунинская, д. 26-30",2025-02-05 00:00:44,3149,3149,в229643,"Виски ""Jameson"",  0.75 л",Виски
"г. Москва, ул. Бакунинская, д. 26-30",2025-02-05 00:00:45,4649,4649,в6466,"Виски ""Monkey Shoulder"",  0.7 л",Виски
"г. Москва, ул. Бакунинская, д. 26-30",2025-02-05 00:00:46,1280,1280,в53779,"Виски ""Monkey Shoulder"",  50 мл",Виски
"г. Москва, ул. Бакунинская, д. 26-30",2025-02-05 00:00:47,8340,8340,в85361,"Виски ""Monkey Shoulder"",  1 л",Виски
"г. Москва, ул. Бакунинская, д. 26-30",2025-02-05 00:00:48,5990,5990,в173843,"Виски ""Monkey Shoulder"",  0.5 л",Виски
"г. Москва, ул. Бакунинская, д. 26-30",2025-02-05 00:00:45,2530,1999,в4227,"Виски ""Tullamore Dew"",  0.7 л",Виски
"г. Москва, ул. Бакунинская, д. 26-30",2025-02-05 00:00:46,2190,2190,в4226,"Виски Tullamore Dew,  350 мл",Виски
"г. Москва, ул. Бакунинская, д. 26-30",2025-02-05 00:00:47,3590,3590,в4228,"Виски ""Tullamore Dew"",  1 л",Виски
"г. Москва, ул. Бакунинская, д. 26-30",2025-02-05 00:00:48,609,609,в31885,"Виски ""Tullamore Dew"",  50 мл",Виски
"г. Москва, ул. Бакунинская, д. 26-30",2025-02-05 00:00:49,2829,2829,в35852,"Виски ""Tullamore Dew"",  0.5 л",Виски
"г. Москва, ул. Бакунинская, д. 26-30",2025-02-05 00:00:45,5700,4690,в225050,"Виски ""Glenmorangie"" The Original, in gift box,  0.7 л",Виски
"г. Москва, ул. Бакунинская, д. 26-30",2025-02-05 00:00:46,5990,5990,в3279,"Виски ""Glenmorangie"" The Original, in gift box,  0.75 л",Виски
"г. Москва, ул. Бакунинская, д. 26-30",2025-02-05 00:00:47,1239,1239,в29228,"Виски Glenmorangie ""The Original"", in gift box,  100 мл",Виски
"г. Москва, ул. Бакунинская, д. 26-30",2025-02-05 00:00:48,3290,3290,в50755,"Виски Glenmorangie ""The Original"", in gift box,  0.5 л",Виски
"г. Москва, ул. Бакунинская, д. 26-30",2025-02-05 00:00:49,2650,2650,в117789,"Виски ""Glenmorangie"" The Original, in gift box,  350 мл",Виски
"г. Москва, ул. Бакунинская, д. 26-30",2025-02-05 00:00:50,6990,6990,в117790,"Виски ""Glenmorangie"" The Original, in gift box,  1 л",Виски
"г. Москва, ул. Бакунинская, д. 26-30",2025-02-05 00:00:50,9990,8990,в4327,"Виски ""Balvenie"" Doublewood 12 Years Old, gift tube,  0.7 л",Виски
"г. Москва, ул. Бакунинская, д. 26-30",2025-02-05 00:00:51,1390,1390,в51409,"Виски ""Balvenie"" Doublewood 12 Years Old, gift tube,  50 мл",Виски
"г. Москва, ул. Бакунинская, д. 26-30",2025-02-05 00:00:51,14990,14990,в2325,"Виски ""Lagavulin"" malt 16 years old, with box,  0.7 л",Виски
"г. Москва, ул. Бакунинская, д. 26-30",2025-02-05 00:00:53,8190,8190,в102702,"Виски ""Singleton"" of Dufftown 15 Years Old, gift box,  0.7 л",Виски
"г. Москва, ул. Бакунинская, д. 26-30",2025-02-05 00:00:53,7490,7490,в214425,"Виски ""Caol Ila"" 12 Years Old, gift box,  0.7 л",Виски
"г. Москва, ул. Бакунинская, д. 26-30",2025-02-05 00:00:54,12390,12390,в247074,"Виски ""Caol Ila"" 12 Years Old, gift box,  1 л",Виски
"г. Москва, ул. Бакунинская, д. 26-30",2025-02-05 00:00:46,2190,2190,в2402,"Виски ""Jim Beam"",  0.7 л",Виски
"г. Москва, ул. Бакунинская, д. 26-30",2025-02-05 00:00:47,1690,1690,в2401,"Виски ""Jim Beam"",  0.5 л",Виски
"г. Москва, ул. Бакунинская, д. 26-30",2025-02-05 00:00:48,1509,1509,в2403,"Виски Jim Beam,  0.75 л",Виски
"г. Москва, ул. Бакунинская, д. 26-30",2025-02-05 00:00:49,2790,2790,в2404,"Виски ""Jim Beam"",  1 л",Виски
"г. Москва, ул. Бакунинская, д. 26-30",2025-02-05 00:00:50,1290,1290,в24156,"Виски ""Jim Beam"",  350 мл",Виски
"г. Москва, ул. Бакунинская, д. 26-30",2025-02-05 00:00:51,220,220,в79105,"Виски ""Jim Beam"",  50 мл",Виски
"г. Москва, ул. Бакунинская, д. 26-30",2025-02-05 00:00:52,459,459,в158033,"Виски ""Jim Beam"",  200 мл",Виски
"г. Москва, ул. Бакунинская, д. 26-30",2025-02-05 00:00:52,3290,3290,в158034,"Виски ""Jim Beam"",  1.5 л",Виски
"г. Москва, ул. Бакунинская, д. 26-30",2025-02-05 00:00:54,2410,2410,в224577,"Виски ""Jim Beam"",  0.75 л",Виски
"г. Москва, ул. Бакунинская, д. 26-30",2025-02-05 00:00:54,4949,4949,в226239,"Виски ""Jim Beam"",  1.75 л",Виски
"г. Москва, ул. Бакунинская, д. 26-30",2025-02-05 00:00:55,3390,3390,в121705,"Виски ""Dewar's"" Caribbean Smooth 8 Years Old, gift box,  0.7 л",Виски
"г. Москва, ул. Бакунинская, д. 26-30",2025-02-05 00:00:56,9990,9990,в3265,"Виски ""Ardbeg"" 10 YO, in gift box,  0.7 л",Виски
"г. Москва, ул. Бакунинская, д. 26-30",2025-02-05 00:00:57,4849,4410,в19546,"Виски Isle Of Jura 10 Years Old, gift box,  0.7 л",Виски
"г. Москва, ул. Бакунинская, д. 26-30",2025-02-05 00:00:51,5820,5820,в50986,"Виски ""Glenfiddich"" 12 Years Old, in tube,  0.7 л",Виски
"г. Москва, ул. Бакунинская, д. 26-30",2025-02-05 00:00:52,1530,1530,в4333,"Виски Glenfiddich 12 Years Old, in tube,  375 мл",Виски
"г. Москва, ул. Бакунинская, д. 26-30",2025-02-05 00:00:54,7190,7190,в4334,"Виски ""Glenfiddich"" 12 Years Old, in tube,  0.5 л",Виски
"г. Москва, ул. Бакунинская, д. 26-30",2025-02-05 00:00:55,5990,5990,в4335,"Виски ""Glenfiddich"" 12 Years Old, in tube,  0.75 л",Виски
"г. Москва, ул. Бакунинская, д. 26-30",2025-02-05 00:00:55,439,439,в31994,"Виски ""Glenfiddich"" 12 Years Old, in tube,  50 мл",Виски
"г. Москва, ул. Бакунинская, д. 26-30",2025-02-05 00:00:56,4390,4390,в57265,"Виски Glenfiddich 12 Years Old, in tube,  1 л",Виски
"г. Москва, ул. Бакунинская, д. 26-30",2025-02-05 00:00:57,4549,4549,в218563,"Виски ""Glenfiddich"" 12 Years Old, in tube,  350 мл",Виски
"г. Москва, ул. Бакунинская, д. 26-30",2025-02-05 00:00:59,4549,4549,в113055,"Виски ""Singleton"" of Dufftown 12 Years Old, gift box,  0.7 л",Виски
"г. Москва, ул. Бакунинская, д. 26-30",2025-02-05 00:01:00,6990,6990,в221858,"Виски ""Singleton"" of Dufftown 12 Years Old, gift box,  0.75 л",Виски
"г. Москва, ул. Бакунинская, д. 26-30",2025-02-05 00:00:56,2390,1990,в2388,"Виски ""The Famous Grouse"" Finest,  0.7 л",Виски
"г. Москва, ул. Бакунинская, д. 26-30",2025-02-05 00:00:57,1790,1790,в2387,"Виски ""The Famous Grouse"" Finest,  0.5 л",Виски
"г. Москва, ул. Бакунинская, д. 26-30",2025-02-05 00:00:58,2990,2990,в2391,"Виски ""The Famous Grouse"" Finest,  1 л",Виски
"г. Москва, ул. Бакунинская, д. 26-30",2025-02-05 00:00:59,899,899,в18271,"Виски The Famous Grouse Finest,  200 мл",Виски
"г. Москва, ул. Бакунинская, д. 26-30",2025-02-05 00:01:00,759,759,в18272,"Виски ""The Famous Grouse"" Finest,  350 мл",Виски
"г. Москва, ул. Бакунинская, д. 26-30",2025-02-05 00:01:01,219,219,в24222,"Виски ""The Famous Grouse"" Finest,  50 мл",Виски
"г. Москва, ул. Бакунинская, д. 26-30",2025-02-05 00:01:02,1819,1819,в208603,"Виски ""The Famous Grouse"" Finest,  0.75 л",Виски
"г. Москва, ул. Бакунинская, д. 26-30",2025-02-05 00:01:02,5990,4190,в2287,"Виски ""Bushmills"" Malt 10 Years Old, with box,  0.7 л",Виски
"г. Москва, ул. Бакунинская, д. 26-30",2025-02-05 00:00:59,189,189,в202645,"Виски ""Fowler's"" Grain,  50 мл",Виски
"г. Москва, ул. Бакунинская, д. 26-30",2025-02-05 00:00:59,759,759,в140253,"Виски ""Fowler's"" Grain,  0.5 л",Виски
"г. Москва, ул. Бакунинская, д. 26-30",2025-02-05 00:01:00,139,139,в191004,"Виски ""Fowler's"" Grain,  100 мл",Виски
"г. Москва, ул. Бакунинская, д. 26-30",2025-02-05 00:01:01,259,259,в191005,"Виски ""Fowler's"" Grain,  250 мл",Виски
"г. Москва, ул. Бакунинская, д. 26-30",2025-02-05 00:01:01,1090,1090,в191006,"Виски ""Fowler's"" Grain,  1 л",Виски
"г. Москва, ул. Бакунинская, д. 26-30",2025-02-05 00:01:02,259,259,в232257,"Виски ""Fowler's"" Grain,  200 мл",Виски
"г. Москва, ул. Бакунинская, д. 26-30",2025-02-05 00:01:03,739,739,в246465,"Виски ""Fowler's"" Grain,  0.7 л",Виски
"г. Москва, ул. Бакунинская, д. 26-30",2025-02-05 00:00:58,5990,4899,в2351,"Виски ""Chivas Regal"" 12 years old, with box,  1 л",Виски
"г. Москва, ул. Бакунинская, д. 26-30",2025-02-05 00:00:59,2799,2799,в2346,"Виски ""Chivas Regal"" 12 years old, with box,  375 мл",Виски
"г. Москва, ул. Бакунинская, д. 26-30",2025-02-05 00:01:00,3849,2990,в2347,"Виски ""Chivas Regal"" 12 years old, with box,  0.5 л",Виски
"г. Москва, ул. Бакунинская, д. 26-30",2025-02-05 00:01:00,4890,3790,в2349,"Виски ""Chivas Regal"" 12 years old, with box,  0.7 л",Виски
"г. Москва, ул. Бакунинская, д. 26-30",2025-02-05 00:01:01,33990,33990,в2353,"Виски ""Chivas Regal"" 12 years old, with box,  4.5 л",Виски
"г. Москва, ул. Бакунинская, д. 26-30",2025-02-05 00:01:02,2090,2090,в160334,"Виски ""Chivas Regal"" 12 years old, with box,  350 мл",Виски
"г. Москва, ул. Бакунинская, д. 26-30",2025-02-05 00:01:03,4890,3790,в218011,"Виски ""Chivas Regal"" 12 Years Old, with box,  0.75 л",Виски
"г. Москва, ул. Бакунинская, д. 26-30",2025-02-05 00:01:04,1790,1790,в247080,"Виски ""Chivas Regal"" 12 Years Old, with box,  200 мл",Виски
"г. Москва, ул. Бакунинская, д. 26-30",2025-02-05 00:01:03,509,459,в23135,"Виски ""Jameson"",  50 мл",Виски
"г. Москва, ул. Бакунинская, д. 26-30",2025-02-05 00:01:04,3699,3699,в2341,"Виски ""Jameson"",  1 л",Виски
"г. Москва, ул. Бакунинская, д. 26-30",2025-02-05 00:01:05,2690,2690,в14220,"Виски ""Jameson"",  0.7 л",Виски
"г. Москва, ул. Бакунинская, д. 26-30",2025-02-05 00:01:05,1349,1349,в18536,"Виски ""Jameson"",  350 мл",Виски
"г. Москва, ул. Бакунинская, д. 26-30",2025-02-05 00:01:06,2429,2429,в18537,"Виски ""Jameson"",  0.5 л",Виски
"г. Москва, ул. Бакунинская, д. 26-30",2025-02-05 00:01:06,6990,6990,в72764,"Виски ""Jameson"",  1.75 л",Виски
"г. Москва, ул. Бакунинская, д. 26-30",2025-02-05 00:01:07,1119,1119,в158882,"Виски ""Jameson"",  200 мл",Виски
"г. Москва, ул. Бакунинская, д. 26-30",2025-02-05 00:01:07,3149,3149,в229643,"Виски ""Jameson"",  0.75 л",Виски
"г. Москва, ул. Бакунинская, д. 26-30",2025-02-05 00:01:16,4590,4590,в29184,"Виски ""Bulleit"" Bourbon,  0.7 л",Виски
"г. Москва, ул. Бакунинская, д. 26-30",2025-02-05 00:01:20,2809,2290,в189375,"Виски ""Old Virginia"" Original, Bourbon,  0.7 л",Виски
"г. Москва, ул. Бакунинская, д. 26-30",2025-02-05 00:01:15,4290,4290,в24579,"Виски ""Buffalo Trace"",  0.7 л",Виски
"г. Москва, ул. Бакунинская, д. 26-30",2025-02-05 00:01:17,16990,16990,в24553,"Виски ""Buffalo Trace"",  1.75 л",Виски
"г. Москва, ул. Бакунинская, д. 26-30",2025-02-05 00:01:20,3390,3390,в139350,"Виски ""Buffalo Trace"",  0.75 л",Виски
"г. Москва, ул. Бакунинская, д. 26-30",2025-02-05 00:01:23,7290,7290,в231027,"Виски ""Buffalo Trace"",  1 л",Виски
"г. Москва, ул. Бакунинская, д. 26-30",2025-02-05 00:01:24,4090,4090,в212703,"Висковый напиток ""Born Irish"" Whiskey with Stout,  0.7 л",Виски
"г. Москва, ул. Бакунинская, д. 26-30",2025-02-05 00:01:28,5090,5090,в58792,"Виски ""Bulleit"" Rye,  0.7 л",Виски
"г. Москва, ул. Бакунинская, д. 26-30",2025-02-05 00:01:28,3890,3890,в54901,"Виски ""Bushmills"" Black Bush,  1 л",Виски
"г. Москва, ул. Бакунинская, д. 26-30",2025-02-05 00:01:30,2909,2909,в2286,"Виски ""Bushmills"" Black Bush,  0.7 л",Виски
"г. Москва, ул. Бакунинская, д. 26-30",2025-02-05 00:01:32,7990,6990,в229685,"Виски ""Laphroaig"" 10 Years Old, gift box,  0.7 л",Виски
"г. Москва, ул. Бакунинская, д. 26-30",2025-02-05 00:01:17,4890,3790,в2349,"Виски ""Chivas Regal"" 12 years old, with box,  0.7 л",Виски
"г. Москва, ул. Бакунинская, д. 26-30",2025-02-05 00:01:20,2799,2799,в2346,"Виски ""Chivas Regal"" 12 years old, with box,  375 мл",Виски
"г. Москва, ул. Бакунинская, д. 26-30",2025-02-05 00:01:23,3849,2990,в2347,"Виски ""Chivas Regal"" 12 years old, with box,  0.5 л",Виски
"г. Москва, ул. Бакунинская, д. 26-30",2025-02-05 00:01:26,5990,4899,в2351,"Виски ""Chivas Regal"" 12 years old, with box,  1 л",Виски
"г. Москва, ул. Бакунинская, д. 26-30",2025-02-05 00:01:28,33990,33990,в2353,"Виски ""Chivas Regal"" 12 years old, with box,  4.5 л",Виски
"г. Москва, ул. Бакунинская, д. 26-30",2025-02-05 00:01:30,2090,2090,в160334,"Виски ""Chivas Regal"" 12 years old, with box,  350 мл",Виски
"г. Москва, ул. Бакунинская, д. 26-30",2025-02-05 00:01:32,4890,3790,в218011,"Виски ""Chivas Regal"" 12 Years Old, with box,  0.75 л",Виски
"г. Москва, ул. Бакунинская, д. 26-30",2025-02-05 00:01:35,1790,1790,в247080,"Виски ""Chivas Regal"" 12 Years Old, with box,  200 мл",Виски
"г. Москва, ул. Бакунинская, д. 26-30",2025-02-05 00:01:16,3449,3449,в65310,"Виски ""Black Label"",  0.7 л",Виски
"г. Москва, ул. Бакунинская, д. 26-30",2025-02-05 00:01:19,2599,2599,в2301,"Виски ""Black Label"",  375 мл",Виски
"г. Москва, ул. Бакунинская, д. 26-30",2025-02-05 00:01:21,2790,2790,в2302,"Виски ""Black Label"",  0.5 л",Виски
"г. Москва, ул. Бакунинская, д. 26-30",2025-02-05 00:01:24,619,399,в82422,"Виски ""Black Label"",  50 мл",Виски
"г. Москва, ул. Бакунинская, д. 26-30",2025-02-05 00:01:26,2239,2239,в137952,"Виски ""Black Label"",  200 мл",Виски
"г. Москва, ул. Бакунинская, д. 26-30",2025-02-05 00:01:29,4590,4590,в156434,"Виски ""Black Label"",  1 л",Виски
"г. Москва, ул. Бакунинская, д. 26-30",2025-02-05 00:01:32,23990,23990,в203738,"Виски ""Black Label"",  3 л",Виски
"г. Москва, ул. Бакунинская, д. 26-30",2025-02-05 00:01:35,4390,4390,в224458,"Виски ""Black Label"",  0.75 л",Виски
"г. Москва, ул. Бакунинская, д. 26-30",2025-02-05 00:01:36,13390,13390,в87372,"Виски Macallan ""Sherry Oak"" 12 Years Old, gift box,  0.7 л",Виски
"г. Москва, ул. Бакунинская, д. 26-30",2025-02-05 00:01:38,19990,19990,в224752,"Виски Macallan, ""Sherry Oak"" 12 Years Old, gift box,  0.75 л",Виски
"г. Москва, ул. Бакунинская, д. 26-30",2025-02-05 00:01:39,3149,3149,в129015,"Виски ""Fuyu"" Blended Japanese Whisky, gift box,  0.7 л",Виски
"г. Москва, ул. Бакунинская, д. 26-30",2025-02-05 00:01:40,2990,2399,в4454,"Виски ""Cutty Sark"", gift box,  0.7 л",Виски
"г. Москва, ул. Бакунинская, д. 26-30",2025-02-05 00:01:42,1609,1609,в37366,"Виски Cutty Sark, gift box,  1 л",Виски
"г. Москва, ул. Бакунинская, д. 26-30",2025-02-05 00:01:46,1090,1090,в244476,"Виски ""Praskoveyskiy"" 6 Years Old, in tube,  0.5 л",Виски
"г. Москва, ул. Бакунинская, д. 26-30",2025-02-05 00:01:50,2590,2590,в174397,"Виски ""Jim Beam"" Peach,  0.7 л",Виски
"г. Москва, ул. Бакунинская, д. 26-30",2025-02-05 00:01:47,9290,9290,в228068,"Виски ""Chivas Regal"" 18 years old, with box,  0.75 л",Виски
"г. Москва, ул. Бакунинская, д. 26-30",2025-02-05 00:01:49,10190,10190,в2354,"Виски ""Chivas Regal"" 18 years old, with box,  0.7 л",Виски
"г. Москва, ул. Бакунинская, д. 26-30",2025-02-05 00:01:52,10190,10190,в42530,"Виски ""Chivas Regal"" 18 years old, with box,  1 л",Виски
"г. Москва, ул. Бакунинская, д. 26-30",2025-02-05 00:01:40,2519,2519,в2672,"Виски ""Dewar's"" White Label,  0.7 л",Виски
"г. Москва, ул. Бакунинская, д. 26-30",2025-02-05 00:01:42,1090,1090,в2670,"Виски ""Dewar's"" White Label,  375 мл",Виски
"г. Москва, ул. Бакунинская, д. 26-30",2025-02-05 00:01:45,1449,1449,в2671,"Виски Dewar's ""White Label"",  0.5 л",Виски
"г. Москва, ул. Бакунинская, д. 26-30",2025-02-05 00:01:47,3649,3649,в2674,"Виски Dewar's White Label,  1 л",Виски
"г. Москва, ул. Бакунинская, д. 26-30",2025-02-05 00:01:50,589,589,в29203,"Виски Dewar's ""White Label"",  200 мл",Виски
"г. Москва, ул. Бакунинская, д. 26-30",2025-02-05 00:01:53,2639,2639,в247097,"Виски ""Dewar's"" White Label,  0.75 л",Виски
"г. Москва, ул. Бакунинская, д. 26-30",2025-02-05 00:01:56,6490,4549,в37168,"Виски Auchentoshan ""American Oak"", gift box,  0.7 л",Виски
"г. Москва, ул. Бакунинская, д. 26-30",2025-02-05 00:01:58,6090,5490,в214426,"Виски ""Talisker"" 10 Years Old, gift box,  0.7 л",Виски
"г. Москва, ул. Бакунинская, д. 26-30",2025-02-05 00:02:01,8990,8990,в231789,"Виски ""Talisker"" 10 Years Old, gift box,  0.75 л",Виски
"г. Москва, ул. Бакунинская, д. 26-30",2025-02-05 00:02:03,13990,13990,в244565,"Виски ""Talisker"" 10 Years Old, gift box,  1 л",Виски
"г. Москва, ул. Бакунинская, д. 26-30",2025-02-05 00:01:58,1319,1319,в201229,"Виски ""Black Ram"" Bourbon Finish 3 Years Old,  0.5 л",Виски
"г. Москва, ул. Бакунинская, д. 26-30",2025-02-05 00:02:00,1790,1790,в201226,"Виски ""Black Ram"" Bourbon Finish 3 Years Old,  0.7 л",Виски
"г. Москва, ул. Бакунинская, д. 26-30",2025-02-05 00:02:03,2590,2590,в214842,"Виски ""Black Ram"" Bourbon Finish 3 Years Old,  1 л",Виски
"г. Москва, ул. Бакунинская, д. 26-30",2025-02-05 00:02:00,1790,1790,в201226,"Виски ""Black Ram"" Bourbon Finish 3 Years Old,  0.7 л",Виски
"г. Москва, ул. Бакунинская, д. 26-30",2025-02-05 00:02:03,1319,1319,в201229,"Виски ""Black Ram"" Bourbon Finish 3 Years Old,  0.5 л",Виски
"г. Москва, ул. Бакунинская, д. 26-30",2025-02-05 00:02:06,2590,2590,в214842,"Виски ""Black Ram"" Bourbon Finish 3 Years Old,  1 л",Виски
"г. Москва, ул. Бакунинская, д. 26-30",2025-02-05 00:01:44,2790,2790,в2333,"Виски ""Ballantine's"" Finest,  1 л",Виски
"г. Москва, ул. Бакунинская, д. 26-30",2025-02-05 00:01:46,1890,1590,в2332,"Виски ""Ballantine's"" Finest,  0.5 л",Виски
"г. Москва, ул. Бакунинская, д. 26-30",2025-02-05 00:01:49,2199,1890,в8057,"Виски ""Ballantine's"" Finest,  0.7 л",Виски
"г. Москва, ул. Бакунинская, д. 26-30",2025-02-05 00:01:51,629,499,в8059,"Виски ""Ballantine's"" Finest,  50 мл",Виски
"г. Москва, ул. Бакунинская, д. 26-30",2025-02-05 00:01:54,309,309,в33518,"Виски ""Ballantine's"" Finest,  375 мл",Виски
"г. Москва, ул. Бакунинская, д. 26-30",2025-02-05 00:01:56,16990,16990,в37453,"Виски ""Ballantine's"" Finest,  4.5 л",Виски
"г. Москва, ул. Бакунинская, д. 26-30",2025-02-05 00:01:59,9990,9990,в83674,"Виски ""Ballantine's"" Finest,  3 л",Виски
"г. Москва, ул. Бакунинская, д. 26-30",2025-02-05 00:02:02,3600,3600,в96804,"Виски ""Ballantine's"" Finest,  2 л",Виски
"г. Москва, ул. Бакунинская, д. 26-30",2025-02-05 00:02:04,1319,1319,в158881,"Виски ""Ballantine's"" Finest,  200 мл",Виски
"г. Москва, ул. Бакунинская, д. 26-30",2025-02-05 00:02:07,2290,2290,в225051,"Виски ""Ballantine's"" Finest,  0.75 л",Виски
"г. Москва, ул. Бакунинская, д. 26-30",2025-02-05 00:02:08,2790,2790,в121600,"Виски ""High Commissioner"" 7 Years Old, gift box,  0.7 л",Виски
"г. Москва, ул. Бакунинская, д. 26-30",2025-02-05 00:02:08,7990,7990,в91139,"Виски ""Lagavulin"" 8 Years Old, gift box,  0.7 л",Виски
"г. Москва, ул. Бакунинская, д. 26-30",2025-02-05 00:02:11,669,669,в203602,"Виски ""Скапа"" Сигл Молт,  0.5 л",Виски
"г. Москва, ул. Бакунинская, д. 26-30",2025-02-05 00:01:16,14990,11990,в18836,"Виски Dalmore 12 years, gift box,  0.7 л",Виски
"г. Москва, ул. Бакунинская, д. 26-30",2025-02-05 00:01:16,10290,10290,в2322,"Виски ""Caol Ila"" malt 12 years old, with box,  0.75 л",Виски
"г. Москва, ул. Бакунинская, д. 26-30",2025-02-05 00:01:16,8390,8390,в103653,"Виски Bunnahabhain, ""Toiteach A Dha"", in tube,  0.7 л",Виски
"г. Москва, ул. Бакунинская, д. 26-30",2025-02-05 00:01:18,4390,4390,в173169,"Виски Bunnahabhain, ""Toiteach A Dha"", in tube,  200 мл",Виски
"г. Москва, ул. Бакунинская, д. 26-30",2025-02-05 00:01:20,579,499,в127825,"Виски ""Jack Daniel's"", pet,  50 мл",Виски
"г. Москва, ул. Бакунинская, д. 26-30",2025-02-05 00:01:22,6190,6190,в156419,"Виски ""Jack Daniels"" Single Barrel,  0.7 л",Виски
"г. Москва, ул. Бакунинская, д. 26-30",2025-02-05 00:01:24,419,419,в121988,"Виски ""Jack Daniels"" Single Barrel,  50 мл",Виски
"г. Москва, ул. Бакунинская, д. 26-30",2025-02-05 00:01:29,2999,2399,в186890,"Виски ""Jim Beam"" Apple (32,5%),  0.7 л",Виски
"г. Москва, ул. Бакунинская, д. 26-30",2025-02-05 00:01:32,1990,1990,в199163,"Виски ""Jim Beam"" Apple (32,5%),  0.5 л",Виски
"г. Москва, ул. Бакунинская, д. 26-30",2025-02-05 00:01:34,3949,3949,в248902,"Виски ""Jim Beam"" Apple (32,5%),  1 л",Виски
"г. Москва, ул. Бакунинская, д. 26-30",2025-02-05 00:01:26,3990,3990,в18274,"Виски ""Chivas Regal"" 12 years old,  0.7 л",Виски
"г. Москва, ул. Бакунинская, д. 26-30",2025-02-05 00:01:29,37990,37990,в2352,"Виски Chivas Regal 12 years old,  4.5 л",Виски
"г. Москва, ул. Бакунинская, д. 26-30",2025-02-05 00:01:31,789,699,в18276,"Виски ""Chivas Regal"" 12 years old,  50 мл",Виски
"г. Москва, ул. Бакунинская, д. 26-30",2025-02-05 00:01:33,2799,2799,в137958,"Виски ""Chivas Regal"" 12 years old,  375 мл",Виски
"г. Москва, ул. Бакунинская, д. 26-30",2025-02-05 00:01:36,2819,2819,в155305,"Виски ""Chivas Regal"" 12 years old,  0.5 л",Виски
"г. Москва, ул. Бакунинская, д. 26-30",2025-02-05 00:01:38,5280,5280,в217007,"Виски ""Chivas Regal"" 12 Years Old,  1 л",Виски
"г. Москва, ул. Бакунинская, д. 26-30",2025-02-05 00:01:39,3830,3830,в226001,"Виски ""Chivas Regal"" 12 Years Old,  0.75 л",Виски
"г. Москва, ул. Бакунинская, д. 26-30",2025-02-05 00:01:16,2790,2790,в2404,"Виски ""Jim Beam"",  1 л",Виски
"г. Москва, ул. Бакунинская, д. 26-30",2025-02-05 00:01:19,1690,1690,в2401,"Виски ""Jim Beam"",  0.5 л",Виски
"г. Москва, ул. Бакунинская, д. 26-30",2025-02-05 00:01:21,2190,2190,в2402,"Виски ""Jim Beam"",  0.7 л",Виски
"г. Москва, ул. Бакунинская, д. 26-30",2025-02-05 00:01:24,1509,1509,в2403,"Виски Jim Beam,  0.75 л",Виски
"г. Москва, ул. Бакунинская, д. 26-30",2025-02-05 00:01:26,1290,1290,в24156,"Виски ""Jim Beam"",  350 мл",Виски
"г. Москва, ул. Бакунинская, д. 26-30",2025-02-05 00:01:29,220,220,в79105,"Виски ""Jim Beam"",  50 мл",Виски
"г. Москва, ул. Бакунинская, д. 26-30",2025-02-05 00:01:32,459,459,в158033,"Виски ""Jim Beam"",  200 мл",Виски
"г. Москва, ул. Бакунинская, д. 26-30",2025-02-05 00:01:35,3290,3290,в158034,"Виски ""Jim Beam"",  1.5 л",Виски
"г. Москва, ул. Бакунинская, д. 26-30",2025-02-05 00:01:38,2410,2410,в224577,"Виски ""Jim Beam"",  0.75 л",Виски
"г. Москва, ул. Бакунинская, д. 26-30",2025-02-05 00:01:41,4949,4949,в226239,"Виски ""Jim Beam"",  1.75 л",Виски
"г. Москва, ул. Бакунинская, д. 26-30",2025-02-05 00:01:46,20490,18490,в2357,"Виски ""Royal Salute"" 21 years old, with box,  0.7 л",Виски
"г. Москва, ул. Бакунинская, д. 26-30",2025-02-05 00:01:44,3099,3099,в93737,"Виски ""The Pogues"",  0.7 л",Виски
"г. Москва, ул. Бакунинская, д. 26-30",2025-02-05 00:01:47,729,729,в159652,"Виски ""The Pogues"",  200 мл",Виски
"г. Москва, ул. Бакунинская, д. 26-30",2025-02-05 00:01:50,749,749,в244475,"Виски ""Praskoveyskiy"" Grain 5 Years Old,  0.5 л",Виски
"г. Москва, ул. Бакунинская, д. 26-30",2025-02-05 00:01:23,2590,1999,в2662,"Виски ""Jack Daniels"",  0.5 л",Виски
"г. Москва, ул. Бакунинская, д. 26-30",2025-02-05 00:01:26,2149,2149,в2661,"Виски Jack Daniels,  375 мл",Виски
"г. Москва, ул. Бакунинская, д. 26-30",2025-02-05 00:01:29,2849,2849,в2663,"Виски ""Jack Daniels"",  0.7 л",Виски
"г. Москва, ул. Бакунинская, д. 26-30",2025-02-05 00:01:32,3830,3830,в2666,"Виски ""Jack Daniels"",  1 л",Виски
"г. Москва, ул. Бакунинская, д. 26-30",2025-02-05 00:01:35,13990,13990,в2667,"Виски ""Jack Daniels"", on Cradle,  3 л",Виски
"г. Москва, ул. Бакунинская, д. 26-30",2025-02-05 00:01:38,359,359,в37754,"Виски ""Jack Daniels"",  50 мл",Виски
"г. Москва, ул. Бакунинская, д. 26-30",2025-02-05 00:01:41,420,420,в83581,"Виски Jack Daniels,  100 мл",Виски
"г. Москва, ул. Бакунинская, д. 26-30",2025-02-05 00:01:43,3549,3549,в126293,"Виски ""Jack Daniels"",  0.75 л",Виски
"г. Москва, ул. Бакунинская, д. 26-30",2025-02-05 00:01:46,1790,1790,в156418,"Виски ""Jack Daniels"",  350 мл",Виски
"г. Москва, ул. Бакунинская, д. 26-30",2025-02-05 00:01:48,8090,8090,в176092,"Виски ""Jack Daniels"",  1.75 л",Виски
"г. Москва, ул. Бакунинская, д. 26-30",2025-02-05 00:01:51,14990,14990,в216513,"Виски ""Jack Daniels"",  3 л",Виски
"г. Москва, ул. Бакунинская, д. 26-30",2025-02-05 00:01:54,16490,16490,в229515,"Виски ""Jack Daniels"",  1.5 л",Виски
"г. Москва, ул. Бакунинская, д. 26-30",2025-02-05 00:01:52,2909,2909,в2286,"Виски ""Bushmills"" Black Bush,  0.7 л",Виски
"г. Москва, ул. Бакунинская, д. 26-30",2025-02-05 00:01:55,3890,3890,в54901,"Виски ""Bushmills"" Black Bush,  1 л",Виски
"г. Москва, ул. Бакунинская, д. 26-30",2025-02-05 00:01:38,3149,3149,в229643,"Виски ""Jameson"",  0.75 л",Виски
"г. Москва, ул. Бакунинская, д. 26-30",2025-02-05 00:01:41,3699,3699,в2341,"Виски ""Jameson"",  1 л",Виски
"г. Москва, ул. Бакунинская, д. 26-30",2025-02-05 00:01:44,2690,2690,в14220,"Виски ""Jameson"",  0.7 л",Виски
"г. Москва, ул. Бакунинская, д. 26-30",2025-02-05 00:01:48,1349,1349,в18536,"Виски ""Jameson"",  350 мл",Виски
"г. Москва, ул. Бакунинская, д. 26-30",2025-02-05 00:01:51,2429,2429,в18537,"Виски ""Jameson"",  0.5 л",Виски
"г. Москва, ул. Бакунинская, д. 26-30",2025-02-05 00:01:53,509,459,в23135,"Виски ""Jameson"",  50 мл",Виски
"г. Москва, ул. Бакунинская, д. 26-30",2025-02-05 00:01:56,6990,6990,в72764,"Виски ""Jameson"",  1.75 л",Виски
"г. Москва, ул. Бакунинская, д. 26-30",2025-02-05 00:01:58,1119,1119,в158882,"Виски ""Jameson"",  200 мл",Виски
"г. Москва, ул. Бакунинская, д. 26-30",2025-02-05 00:01:56,659,659,в188216,"Виски ""The Dubliner"" Irish Whiskey,  50 мл",Виски
"г. Москва, ул. Бакунинская, д. 26-30",2025-02-05 00:01:58,3099,3099,в71156,"Виски ""The Dubliner"" Irish Whiskey,  0.7 л",Виски
"г. Москва, ул. Бакунинская, д. 26-30",2025-02-05 00:02:01,4390,4390,в138791,"Виски ""The Dubliner"" Irish Whiskey,  1 л",Виски
"г. Москва, ул. Бакунинская, д. 26-30",2025-02-05 00:02:00,7910,7910,в7437,"Виски ""Glendronach"" Original 12 years old, in tube,  0.7 л",Виски
"г. Москва, ул. Бакунинская, д. 26-30",2025-02-05 00:02:03,15990,15990,в48040,"Виски Glendronach Original 12 years old, in tube,  4.5 л",Виски
"г. Москва, ул. Бакунинская, д. 26-30",2025-02-05 00:02:07,7490,6390,в3270,"Виски Glenmorangie ""The Lasanta"", in gift box,  0.7 л",Виски
"г. Москва, ул. Бакунинская, д. 26-30",2025-02-05 00:02:08,6490,6490,в2400,"Виски ""Knob Creek"" Kentucky Straight Bourbon Whiskey,  0.7 л",Виски
"г. Москва, ул. Бакунинская, д. 26-30",2025-02-05 00:02:11,7090,7090,в220141,"Виски ""Heriose"" Le Classique, gift box,  0.7 л",Виски
"г. Москва, ул. Бакунинская, д. 26-30",2025-02-05 00:02:11,2150,2150,в3284,"Виски ""Old Smuggler"",  0.7 л",Виски
"г. Москва, ул. Бакунинская, д. 26-30",2025-02-05 00:01:59,6990,6990,в117790,"Виски ""Glenmorangie"" The Original, in gift box,  1 л",Виски
"г. Москва, ул. Бакунинская, д. 26-30",2025-02-05 00:02:02,5990,5990,в3279,"Виски ""Glenmorangie"" The Original, in gift box,  0.75 л",Виски
"г. Москва, ул. Бакунинская, д. 26-30",2025-02-05 00:02:04,1239,1239,в29228,"Виски Glenmorangie ""The Original"", in gift box,  100 мл",Виски
"г. Москва, ул. Бакунинская, д. 26-30",2025-02-05 00:02:07,3290,3290,в50755,"Виски Glenmorangie ""The Original"", in gift box,  0.5 л",Виски
"г. Москва, ул. Бакунинская, д. 26-30",2025-02-05 00:02:10,2650,2650,в117789,"Виски ""Glenmorangie"" The Original, in gift box,  350 мл",Виски
"г. Москва, ул. Бакунинская, д. 26-30",2025-02-05 00:02:12,5700,4690,в225050,"Виски ""Glenmorangie"" The Original, in gift box,  0.7 л",Виски
"г. Москва, ул. Бакунинская, д. 26-30",2025-02-05 00:02:14,129,129,в196059,"Виски ""Carte Blanche"" Grain,  100 мл",Виски
"г. Москва, ул. Бакунинская, д. 26-30",2025-02-05 00:02:17,539,539,в196057,"Виски ""Carte Blanche"" Grain,  0.5 л",Виски
"г. Москва, ул. Бакунинская, д. 26-30",2025-02-05 00:02:19,269,269,в196058,"Виски ""Carte Blanche"" Grain,  250 мл",Виски
"г. Москва, ул. Бакунинская, д. 26-30",2025-02-05 00:02:03,2410,2410,в224577,"Виски ""Jim Beam"",  0.75 л",Виски
"г. Москва, ул. Бакунинская, д. 26-30",2025-02-05 00:02:06,1690,1690,в2401,"Виски ""Jim Beam"",  0.5 л",Виски
"г. Москва, ул. Бакунинская, д. 26-30",2025-02-05 00:02:08,2190,2190,в2402,"Виски ""Jim Beam"",  0.7 л",Виски
"г. Москва, ул. Бакунинская, д. 26-30",2025-02-05 00:02:10,1509,1509,в2403,"Виски Jim Beam,  0.75 л",Виски
"г. Москва, ул. Бакунинская, д. 26-30",2025-02-05 00:02:12,2790,2790,в2404,"Виски ""Jim Beam"",  1 л",Виски
"г. Москва, ул. Бакунинская, д. 26-30",2025-02-05 00:02:14,1290,1290,в24156,"Виски ""Jim Beam"",  350 мл",Виски
"г. Москва, ул. Бакунинская, д. 26-30",2025-02-05 00:02:17,220,220,в79105,"Виски ""Jim Beam"",  50 мл",Виски
"г. Москва, ул. Бакунинская, д. 26-30",2025-02-05 00:02:19,459,459,в158033,"Виски ""Jim Beam"",  200 мл",Виски
"г. Москва, ул. Бакунинская, д. 26-30",2025-02-05 00:02:21,3290,3290,в158034,"Виски ""Jim Beam"",  1.5 л",Виски
"г. Москва, ул. Бакунинская, д. 26-30",2025-02-05 00:02:22,4949,4949,в226239,"Виски ""Jim Beam"",  1.75 л",Виски
"г. Москва, ул. Бакунинская, д. 26-30",2025-02-05 00:02:15,489,489,в153110,"Виски ""Fox and Dogs"" (Russia),  250 мл",Виски
"г. Москва, ул. Бакунинская, д. 26-30",2025-02-05 00:02:17,2730,2730,в119502,"Виски ""Fox and Dogs"" (Russia),  1 л",Виски
"г. Москва, ул. Бакунинская, д. 26-30",2025-02-05 00:02:20,909,909,в120467,"Виски ""Fox and Dogs"" (Russia),  0.5 л",Виски
"г. Москва, ул. Бакунинская, д. 26-30",2025-02-05 00:02:22,1809,1809,в120468,"Виски ""Fox and Dogs"" (Russia),  0.7 л",Виски
"г. Москва, ул. Бакунинская, д. 26-30",2025-02-05 00:02:24,369,369,в183184,"Виски ""Fox and Dogs"" (Russia),  100 мл",Виски
