shop                                           ,datetime            ,price_reg ,price_promo ,article ,name                                                                                       ,category_path
"г. Москва, Ленинский проспект, д. 49, стр. 5" ,2025-02-04 01:11:26 ,      999 ,        750 ,в248923 ,"Вино ""Bendito"" Carmenere, Valley Central DO, 2023 "                                     ,
"г. Москва, Ленинский проспект, д. 49, стр. 5" ,2025-02-04 01:11:27 ,     7390 ,       5550 ,в249170 ,Набор Set of Sparkling Wines                                                               ,
"г. Москва, Ленинский проспект, д. 49, стр. 5" ,2025-02-04 01:11:27 ,     6390 ,       4449 ,в208013 ,"Коньяк ""Francois de Martignac"" VS, gift box,  0.7 л"                                    ,
"г. Москва, Ленинский проспект, д. 49, стр. 5" ,2025-02-04 01:11:27 ,     5990 ,       5370 ,в2277   ,"Коньяк ""Hennessy"" V.S, gift box,  0.7 л"                                                ,
"г. Москва, Ленинский проспект, д. 49, стр. 5" ,2025-02-04 01:11:27 ,     1199 ,        959 ,в240893 ,"Вино Bodegas Bastida, ""Evoca"", Jumilla DO, 2022 "                                       ,
"г. Москва, Ленинский проспект, д. 49, стр. 5" ,2025-02-04 01:11:28 ,     2590 ,       1950 ,в242315 ,Набор Set of Red Wines For Steaks                                                          ,
"г. Москва, Ленинский проспект, д. 49, стр. 5" ,2025-02-04 01:11:28 ,      999 ,        849 ,в248918 ,"Вино ""Bendito"" Pinot Grigio, Valley Central DO, 2024 "                                  ,
"г. Москва, Ленинский проспект, д. 49, стр. 5" ,2025-02-04 01:11:29 ,     1799 ,       1299 ,в232837 ,"Вино ""40"" Nero di Troia, Puglia IGT, 2022 "                                             ,
"г. Москва, Ленинский проспект, д. 49, стр. 5" ,2025-02-04 01:11:29 ,     6990 ,       4890 ,в242973 ,Набор Set of Orange Wines                                                                  ,
"г. Москва, Ленинский проспект, д. 49, стр. 5" ,2025-02-04 01:11:29 ,      999 ,        750 ,в248920 ,"Вино ""Bendito"" Sauvignon Blanc, Valley Central DO, 2024 "                               ,
"г. Москва, Ленинский проспект, д. 49, стр. 5" ,2025-02-04 01:11:29 ,     4699 ,       3790 ,в244900 ,Набор Set of Strong White Wines                                                            ,
"г. Москва, Ленинский проспект, д. 49, стр. 5" ,2025-02-04 01:11:30 ,     1499 ,       1290 ,в240890 ,"Вино Cantine Risveglio, ""Sciaia"", Puglia IGT, 2023 "                                    ,
"г. Москва, Ленинский проспект, д. 49, стр. 5" ,2025-02-04 01:11:30 ,     3299 ,       2490 ,в247632 ,Набор Set of Italian New Wines                                                             ,
"г. Москва, Ленинский проспект, д. 49, стр. 5" ,2025-02-04 01:11:30 ,     5490 ,       4399 ,в246439 ,Набор Set of Sauvignon Blanc Wines                                                         ,
"г. Москва, Ленинский проспект, д. 49, стр. 5" ,2025-02-04 01:11:30 ,      999 ,        799 ,в248919 ,"Вино ""Bendito"" Chardonnay, Valley Central DO, 2024 "                                    ,
"г. Москва, Ленинский проспект, д. 49, стр. 5" ,2025-02-04 01:11:31 ,     5999 ,       4799 ,в251064 ,Набор Set of Friut Riesling                                                                ,
"г. Москва, Ленинский проспект, д. 49, стр. 5" ,2025-02-04 01:11:31 ,     1599 ,       1280 ,в243533 ,"Вино ""Flor de Sara"" Crianza, Rioja DOC, 2021 "                                          ,
"г. Москва, Ленинский проспект, д. 49, стр. 5" ,2025-02-04 01:11:31 ,      999 ,        799 ,в248926 ,"Вино ""Bendito"" Merlot, Valley Central DO, 2023 "                                        ,
"г. Москва, Ленинский проспект, д. 49, стр. 5" ,2025-02-04 01:11:31 ,     4099 ,       3290 ,в248916 ,Набор Set of Hot Spanish Wines                                                             ,
"г. Москва, Ленинский проспект, д. 49, стр. 5" ,2025-02-04 01:11:32 ,     1999 ,       1699 ,в221489 ,"Вино Castello di Corbara, ""Thybris"" Sangiovese, Lago di Corbara DOC, 2020 "             ,
"г. Москва, Ленинский проспект, д. 49, стр. 5" ,2025-02-04 01:11:32 ,     4249 ,       3690 ,в32833  ,"Ром ""Legendario"" Elixir de Cuba,  0.7 л"                                                ,
"г. Москва, Ленинский проспект, д. 49, стр. 5" ,2025-02-04 01:11:32 ,     2409 ,       1849 ,в2936   ,"Водка ""Белуга"" Нобл,  0.7 л"                                                            ,
"г. Москва, Ленинский проспект, д. 49, стр. 5" ,2025-02-04 01:11:32 ,     5390 ,       2990 ,в4134   ,"Абсент Xenta,  0.7 л"                                                                     ,
"г. Москва, Ленинский проспект, д. 49, стр. 5" ,2025-02-04 01:11:33 ,      999 ,        799 ,в248927 ,"Вино ""Bendito"" Cabernet Sauvignon, Valley Central DO, 2023 "                            ,
"г. Москва, Ленинский проспект, д. 49, стр. 5" ,2025-02-04 01:11:35 ,    11090 ,       8290 ,в3265   ,"Виски ""Ardbeg"" 10 YO, in gift box,  0.7 л"                                              ,
"г. Москва, Ленинский проспект, д. 49, стр. 5" ,2025-02-04 01:11:37 ,     1999 ,       1599 ,в247778 ,"Вино ""Valvirginio"" Chianti DOCG Riserva, 2021 "                                         ,
"г. Москва, Ленинский проспект, д. 49, стр. 5" ,2025-02-04 01:11:38 ,      799 ,        699 ,в62809  ,"Коньяк ""Киновский"" Трехлетний,  0.5 л"                                                  ,
"г. Москва, Ленинский проспект, д. 49, стр. 5" ,2025-02-04 01:11:38 ,     4849 ,       4410 ,в19546  ,"Виски Isle Of Jura 10 Years Old, gift box,  0.7 л"                                        ,
"г. Москва, Ленинский проспект, д. 49, стр. 5" ,2025-02-04 01:11:38 ,     1199 ,        959 ,в235561 ,"Вино ""Vina Tempero"" Verdejo Viura, Rueda DO, 2023 "                                     ,
"г. Москва, Ленинский проспект, д. 49, стр. 5" ,2025-02-04 01:11:39 ,     1499 ,       1199 ,в247787 ,"Вино Connoisseur, ""Les Gardien des Cieux"", Cotes de Gascogne IGP, 2023 "                ,
"г. Москва, Ленинский проспект, д. 49, стр. 5" ,2025-02-04 01:11:41 ,     3750 ,       2999 ,в253055 ,"Набор ""Jagermeister"", gift box with 2 shot glasses "                                    ,
"г. Москва, Ленинский проспект, д. 49, стр. 5" ,2025-02-04 01:11:41 ,     2299 ,       1999 ,в247782 ,"Вино ""Flor de Sara"" Reserva, Rioja DOC, 2019 "                                          ,
"г. Москва, Ленинский проспект, д. 49, стр. 5" ,2025-02-04 01:11:41 ,     1599 ,       1299 ,в247788 ,"Вино Connoisseur, ""Le Grand Dormeur"" Gros Manseng, Cotes de Gascogne IGP, 2023 "        ,
"г. Москва, Ленинский проспект, д. 49, стр. 5" ,2025-02-04 01:11:41 ,     2990 ,       2290 ,в247791 ,"Вино Domaine de Champ Fleury, ""Les Vins Allegresse"" Pinot Noir, Bourgogne AOC, 2023 "   ,
"г. Москва, Ленинский проспект, д. 49, стр. 5" ,2025-02-04 01:11:44 ,     9090 ,       6450 ,в244350 ,"Набор ""Jagermeister"", gift box with 2 shot glasses and doser "                          ,
"г. Москва, Ленинский проспект, д. 49, стр. 5" ,2025-02-04 01:11:45 ,     1850 ,       1850 ,в251723 ,"Набор ""McLain"" Blended, gift box with shot "                                            ,
"г. Москва, Ленинский проспект, д. 49, стр. 5" ,2025-02-04 01:11:45 ,    10750 ,      10750 ,в251436 ,"Набор ""Glenfiddich"" 12 Years Old, Limited Edition Design, gift box with flask "         ,
"г. Москва, Ленинский проспект, д. 49, стр. 5" ,2025-02-04 01:11:45 ,     2390 ,       1599 ,в240267 ,"Вино ""Mastri Vernacoli"" Gewurztraminer, Trentino DOC, 2023 "                            ,
"г. Москва, Ленинский проспект, д. 49, стр. 5" ,2025-02-04 01:11:47 ,     1680 ,       1349 ,в92014  ,"Вино ""Rocca"" Negroamaro Primitivo, Salento IGT "                                        ,
"г. Москва, Ленинский проспект, д. 49, стр. 5" ,2025-02-04 01:11:47 ,     2130 ,       1390 ,в238900 ,"Вино ""Mastri Vernacoli"" Pinot Grigio, Trentino DOC, 2023 "                              ,
"г. Москва, Ленинский проспект, д. 49, стр. 5" ,2025-02-04 01:11:49 ,     2230 ,       2230 ,в232401 ,"Вино ""Paddle Creek"" Sauvignon Blanc, 2023 "                                             ,
"г. Москва, Ленинский проспект, д. 49, стр. 5" ,2025-02-04 01:11:49 ,     1939 ,       1399 ,в87093  ,"Вино ""770 Miles"" Zinfandel "                                                            ,
"г. Москва, Ленинский проспект, д. 49, стр. 5" ,2025-02-04 01:11:49 ,     2890 ,       1690 ,в249368 ,"Вино Long Barn, Zinfandel, 2022 "                                                         ,
"г. Москва, Ленинский проспект, д. 49, стр. 5" ,2025-02-04 01:11:51 ,     1609 ,        999 ,в240980 ,"Вино Val de Vie, ""Barista"" Pinotage, 2023 "                                             ,
"г. Москва, Ленинский проспект, д. 49, стр. 5" ,2025-02-04 01:11:52 ,     2380 ,       1599 ,в246529 ,"Вино Bodegas Ramon Bilbao, Crianza, Rioja DOC, 2020 "                                     ,
"г. Москва, Ленинский проспект, д. 49, стр. 5" ,2025-02-04 01:11:52 ,     1699 ,       1190 ,в116571 ,"Вино ""Mucho Mas"" Tinto "                                                                ,
"г. Москва, Ленинский проспект, д. 49, стр. 5" ,2025-02-04 01:11:55 ,     2390 ,       1370 ,в235128 ,"Вино Torres, ""Vina Esmeralda"", Penedes DO, 2023 "                                       ,
"г. Москва, Ленинский проспект, д. 49, стр. 5" ,2025-02-04 01:11:55 ,     2390 ,       1370 ,в241736 ,"Вино Torres, ""Vina Esmeralda"" Rose, Catalunya DO, 2023 "                                ,
"г. Москва, Ленинский проспект, д. 49, стр. 5" ,2025-02-04 01:11:38 ,     4849 ,       4490 ,в230568 ,"Джин Tanqueray, ""No. Ten"",  0.7 л"                                                      ,
"г. Москва, Ленинский проспект, д. 49, стр. 5" ,2025-02-04 01:11:40 ,     1949 ,       1049 ,в85584  ,"Коньяк ""Ной Традиционный"" 7-летний,  0.5 л"                                             ,
"г. Москва, Ленинский проспект, д. 49, стр. 5" ,2025-02-04 01:11:40 ,     2799 ,       2490 ,в243524 ,"Вино Ramirez de la Piscina, Reserva, Rioja DOCa, 2019 "                                   ,
"г. Москва, Ленинский проспект, д. 49, стр. 5" ,2025-02-04 01:11:40 ,     1729 ,       1399 ,в4666   ,"Ликер ""Mozart"" Chocolate Cream,  0.5 л"                                                 ,
"г. Москва, Ленинский проспект, д. 49, стр. 5" ,2025-02-04 01:11:42 ,     2530 ,       1999 ,в4227   ,"Виски ""Tullamore Dew"",  0.7 л"                                                          ,
"г. Москва, Ленинский проспект, д. 49, стр. 5" ,2025-02-04 01:11:42 ,     4530 ,       3670 ,в136764 ,"Джин ""Malfy"" Con Arancia,  0.7 л"                                                       ,
"г. Москва, Ленинский проспект, д. 49, стр. 5" ,2025-02-04 01:11:42 ,     2299 ,       1949 ,в247779 ,"Вино Chateau Hyot, Castillon Cotes de Bordeaux AOP, 2019 "                                ,
"г. Москва, Ленинский проспект, д. 49, стр. 5" ,2025-02-04 01:11:44 ,     2490 ,       1890 ,в33561  ,"Джин ""Greenall's"" Original London Dry,  0.7 л"                                          ,
"г. Москва, Ленинский проспект, д. 49, стр. 5" ,2025-02-04 01:11:45 ,     2190 ,       2190 ,в2402   ,"Виски ""Jim Beam"",  0.7 л"                                                               ,
"г. Москва, Ленинский проспект, д. 49, стр. 5" ,2025-02-04 01:11:46 ,     2099 ,       1599 ,в4240   ,"Водка ""Finlandia"",  0.7 л"                                                              ,
"г. Москва, Ленинский проспект, д. 49, стр. 5" ,2025-02-04 01:11:46 ,     4460 ,       2499 ,в50307  ,"Ром Ron Barcelo, ""Imperial"", gift box,  0.7 л"                                          ,
"г. Москва, Ленинский проспект, д. 49, стр. 5" ,2025-02-04 01:11:47 ,     8880 ,       7990 ,в221933 ,"Коньяк ""Remy Martin"" VSOP, red gift box Limited Edition,  0.7 л"                        ,
"г. Москва, Ленинский проспект, д. 49, стр. 5" ,2025-02-04 01:11:49 ,      820 ,        719 ,в82663  ,"Коньяк ""Старейшина"" Трехлетний,  0.5 л"                                                 ,
"г. Москва, Ленинский проспект, д. 49, стр. 5" ,2025-02-04 01:11:49 ,     2239 ,       1999 ,в58886  ,"Ром ""Captain Morgan"" White,  0.7 л"                                                     ,
"г. Москва, Ленинский проспект, д. 49, стр. 5" ,2025-02-04 01:11:49 ,     1329 ,        909 ,в175146 ,"Ром ""Devil's Island"" Blanco,  0.7 л"                                                    ,
"г. Москва, Ленинский проспект, д. 49, стр. 5" ,2025-02-04 01:11:51 ,     2339 ,       1590 ,в47780  ,"Водка Cavino, Ouzo ""Romios"",  0.7 л"                                                    ,
"г. Москва, Ленинский проспект, д. 49, стр. 5" ,2025-02-04 01:11:55 ,     1690 ,       1499 ,в82666  ,"Коньяк ""Старейшина"" Империал 12-летний,  0.5 л"                                         ,
"г. Москва, Ленинский проспект, д. 49, стр. 5" ,2025-02-04 01:11:55 ,      859 ,        749 ,в62812  ,"Коньяк ""Киновский"" Пятилетний,  0.5 л"                                                  ,
"г. Москва, Ленинский проспект, д. 49, стр. 5" ,2025-02-04 01:11:55 ,     1499 ,       1199 ,в243531 ,"Вино ""Flor de Sara"" Vendimia Seleccionada, Rioja DOC, 2022 "                            ,
"г. Москва, Ленинский проспект, д. 49, стр. 5" ,2025-02-04 01:11:55 ,     1699 ,       1499 ,в247792 ,"Вино ""Las Bas"" Gewurztraminer, Somontano DO, 2023 "                                     ,
"г. Москва, Ленинский проспект, д. 49, стр. 5" ,2025-02-04 01:11:58 ,     1240 ,        749 ,в65025  ,"Коньяк ""Сокровище Тифлиса"" 3-летний,  0.5 л"                                            ,
"г. Москва, Ленинский проспект, д. 49, стр. 5" ,2025-02-04 01:11:58 ,     1299 ,       1039 ,в235551 ,"Вино ""Masamadre"" Red Blend, Calatayud DO, 2020 "                                        ,
"г. Москва, Ленинский проспект, д. 49, стр. 5" ,2025-02-04 01:11:58 ,      949 ,        839 ,в146947 ,"Коньяк ""Киновский"" КВ 7 лет,  0.5 л"                                                    ,
"г. Москва, Ленинский проспект, д. 49, стр. 5" ,2025-02-04 01:11:58 ,      759 ,        560 ,в64998  ,"Водка ""Архангельская"" Северная выдержка,  0.5 л"                                        ,
"г. Москва, Ленинский проспект, д. 49, стр. 5" ,2025-02-04 01:11:36 ,     2999 ,       2699 ,в228044 ,"Джин ""Tanqueray"" London Dry (43.1%),  0.7 л"                                            ,
"г. Москва, Ленинский проспект, д. 49, стр. 5" ,2025-02-04 01:11:37 ,     2400 ,       2400 ,в2882   ,"Ликер ""Baileys"" Original,  0.7 л"                                                       ,
"г. Москва, Ленинский проспект, д. 49, стр. 5" ,2025-02-04 01:11:40 ,     8990 ,       8990 ,в4412   ,"Коньяк ""Camus"" V.S.O.P., gift box,  0.7 л"                                              ,
"г. Москва, Ленинский проспект, д. 49, стр. 5" ,2025-02-04 01:11:40 ,     1099 ,        989 ,в182854 ,"Вино ""Gabia"" Vinho Verde DOC "                                                          ,
"г. Москва, Ленинский проспект, д. 49, стр. 5" ,2025-02-04 01:11:40 ,     3049 ,       3049 ,в2888   ,"Ликер ""Sheridan's"",  0.7 л"                                                             ,
"г. Москва, Ленинский проспект, д. 49, стр. 5" ,2025-02-04 01:11:41 ,     2199 ,       1890 ,в8057   ,"Виски ""Ballantine's"" Finest,  0.7 л"                                                    ,
"г. Москва, Ленинский проспект, д. 49, стр. 5" ,2025-02-04 01:11:43 ,    10190 ,       8190 ,в2253   ,"Коньяк ""Hennessy"" V.S.O.P., with gift box,  0.7 л"                                      ,
"г. Москва, Ленинский проспект, д. 49, стр. 5" ,2025-02-04 01:11:44 ,     1599 ,       1390 ,в220424 ,"Вино Lavau, ""EnvyFol"" Syrah, Pays d'Oc IGP, 2022 "                                      ,
"г. Москва, Ленинский проспект, д. 49, стр. 5" ,2025-02-04 01:11:44 ,     1809 ,       1390 ,в23634  ,"Ликер ""XUXU"" Strawberry & Vodka,  0.7 л"                                                ,
"г. Москва, Ленинский проспект, д. 49, стр. 5" ,2025-02-04 01:11:45 ,     1909 ,       1390 ,в71995  ,"Водка ""Онегин"",  0.7 л"                                                                 ,
"г. Москва, Ленинский проспект, д. 49, стр. 5" ,2025-02-04 01:11:47 ,      999 ,        799 ,в248921 ,"Вино ""Bendito"" Moscato, 2024 "                                                          ,
"г. Москва, Ленинский проспект, д. 49, стр. 5" ,2025-02-04 01:11:47 ,     3890 ,       2290 ,в4499   ,"Ликер ""Disaronno"" Originale,  0.7 л"                                                    ,
"г. Москва, Ленинский проспект, д. 49, стр. 5" ,2025-02-04 01:11:48 ,     2290 ,       1609 ,в50304  ,"Ром Ron Barcelo, Anejo,  0.7 л"                                                           ,
"г. Москва, Ленинский проспект, д. 49, стр. 5" ,2025-02-04 01:11:49 ,     7090 ,       7090 ,в2374   ,"Коньяк ""Martell"" VSOP, gift box,  0.7 л"                                                ,
"г. Москва, Ленинский проспект, д. 49, стр. 5" ,2025-02-04 01:11:50 ,     1199 ,        959 ,в235547 ,"Вино ""Cibolo"" Sauvignon Blanc, 2023 "                                                   ,
"г. Москва, Ленинский проспект, д. 49, стр. 5" ,2025-02-04 01:11:51 ,     1520 ,       1390 ,в35830  ,"Водка ""Mamont"",  0.7 л"                                                                 ,
"г. Москва, Ленинский проспект, д. 49, стр. 5" ,2025-02-04 01:11:52 ,    11490 ,      11490 ,в2724   ,"Коньяк Hine Rare VSOP with box,  0.7 л"                                                   ,
"г. Москва, Ленинский проспект, д. 49, стр. 5" ,2025-02-04 01:11:55 ,     9190 ,       7910 ,в8157   ,"Ром Zacapa Centenario, Solera Gran Reserva 23, gift box,  0.7 л"                          ,
"г. Москва, Ленинский проспект, д. 49, стр. 5" ,2025-02-04 01:11:55 ,     2309 ,       2309 ,в4626   ,"Ликер ""Cointreau"",  0.7 л"                                                              ,
"г. Москва, Ленинский проспект, д. 49, стр. 5" ,2025-02-04 01:11:55 ,     4349 ,       4349 ,в90608  ,"Коньяк ""Martell"" VS Single Distillery, gift box,  0.7 л"                                ,
"г. Москва, Ленинский проспект, д. 49, стр. 5" ,2025-02-04 01:11:55 ,     5700 ,       4690 ,в225050 ,"Виски ""Glenmorangie"" The Original, in gift box,  0.7 л"                                 ,
"г. Москва, Ленинский проспект, д. 49, стр. 5" ,2025-02-04 01:11:58 ,     1399 ,       1099 ,в235534 ,"Вино Cantina Diomede, ""Folia"" Bombino Bianco, Puglia IGP, 2023 "                        ,
"г. Москва, Ленинский проспект, д. 49, стр. 5" ,2025-02-04 01:11:58 ,      939 ,        819 ,в62826  ,"Коньяк ""Старейшина"" Пятилетний,  0.5 л"                                                 ,
"г. Москва, Ленинский проспект, д. 49, стр. 5" ,2025-02-04 01:11:58 ,     9990 ,       9990 ,в151885 ,"Текила ""Don Julio"" Blanco, gift box,  0.7 л"                                            ,
"г. Москва, Ленинский проспект, д. 49, стр. 5" ,2025-02-04 01:11:39 ,     1790 ,        949 ,в239412 ,"Вино Golubitskoe Estate, Merlot, 2022 "                                                   ,
"г. Москва, Ленинский проспект, д. 49, стр. 5" ,2025-02-04 01:11:40 ,     1699 ,       1299 ,в152351 ,"Вино ""Mucho Mas"" Blanco "                                                               ,
"г. Москва, Ленинский проспект, д. 49, стр. 5" ,2025-02-04 01:11:40 ,     1790 ,        980 ,в235153 ,"Вино ""San Valentin"" Parellada, Catalunya DO, 2023 "                                     ,
"г. Москва, Ленинский проспект, д. 49, стр. 5" ,2025-02-04 01:11:41 ,     1790 ,       1790 ,в234033 ,"Вино Nik Weis, Urban Riesling, 2023 "                                                     ,
"г. Москва, Ленинский проспект, д. 49, стр. 5" ,2025-02-04 01:11:43 ,      120 ,        120 ,в208718 ,"Вода ""Coca-Cola"" Original Taste (Poland), in can,  0.33 л"                              ,
"г. Москва, Ленинский проспект, д. 49, стр. 5" ,2025-02-04 01:11:43 ,     1660 ,       1299 ,в94560  ,"Вино ""Gaumen Spiel"" Gewurztraminer "                                                    ,
"г. Москва, Ленинский проспект, д. 49, стр. 5" ,2025-02-04 01:11:44 ,      409 ,        269 ,в24227  ,"Пиво ""Guinness"" Draught (with nitrogen capsule), in can,  0.44 л"                       ,
"г. Москва, Ленинский проспект, д. 49, стр. 5" ,2025-02-04 01:11:45 ,      389 ,        299 ,в24126  ,"Пиво Spaten, Munchen, in can,  0.5 л"                                                     ,
"г. Москва, Ленинский проспект, д. 49, стр. 5" ,2025-02-04 01:11:45 ,      309 ,        269 ,в24031  ,"Пиво ""Grotwerg"" Bayerisch Hell, in can,  0.5 л"                                         ,
"г. Москва, Ленинский проспект, д. 49, стр. 5" ,2025-02-04 01:11:46 ,      309 ,        229 ,в24029  ,"Пиво ""Prazacka"" Svetle, in can,  0.5 л"                                                 ,
"г. Москва, Ленинский проспект, д. 49, стр. 5" ,2025-02-04 01:11:48 ,      280 ,        249 ,в154693 ,"Пиво ""Staroceske tradicni"", in can,  0.5 л"                                             ,
"г. Москва, Ленинский проспект, д. 49, стр. 5" ,2025-02-04 01:11:48 ,      120 ,        120 ,в197377 ,"Вода ""Fanta"" Orange (Poland), in can,  0.33 л"                                          ,
"г. Москва, Ленинский проспект, д. 49, стр. 5" ,2025-02-04 01:11:49 ,      359 ,        359 ,в26986  ,"Пиво ""Radeberger"" Pilsner,  0.5 л"                                                      ,
"г. Москва, Ленинский проспект, д. 49, стр. 5" ,2025-02-04 01:11:49 ,      229 ,        199 ,в113156 ,"Коньяк ""Старейшина"" Трэвел 5-летний, фляга,  100 мл"                                    ,
"г. Москва, Ленинский проспект, д. 49, стр. 5" ,2025-02-04 01:11:51 ,      359 ,        259 ,в166202 ,"Пиво ""St. Pierre"" Blanche, in can,  0.5 л"                                              ,
"г. Москва, Ленинский проспект, д. 49, стр. 5" ,2025-02-04 01:11:52 ,      219 ,        219 ,в24094  ,"Пиво ""Leffe"" Blonde,  0.33 л"                                                           ,
"г. Москва, Ленинский проспект, д. 49, стр. 5" ,2025-02-04 01:11:54 ,      279 ,        199 ,в37986  ,"Пиво ""Pilsner Urquell"", in can,  0.5 л"                                                 ,
"г. Москва, Ленинский проспект, д. 49, стр. 5" ,2025-02-04 01:11:55 ,      309 ,        279 ,в92232  ,"Пиво ""Dutch Windmill"", in can,  0.5 л"                                                  ,
"г. Москва, Ленинский проспект, д. 49, стр. 5" ,2025-02-04 01:11:55 ,      279 ,        199 ,в210989 ,"Пиво ""Blue Moon"" Belgian White,  0.33 л"                                                ,
"г. Москва, Ленинский проспект, д. 49, стр. 5" ,2025-02-04 01:11:55 ,      219 ,        219 ,в36533  ,"Пиво ""Leffe"" Brune,  0.33 л"                                                            ,
"г. Москва, Ленинский проспект, д. 49, стр. 5" ,2025-02-04 01:11:56 ,      359 ,        259 ,в166196 ,"Пиво ""St. Pierre"" Brune, in can,  0.5 л"                                                ,
"г. Москва, Ленинский проспект, д. 49, стр. 5" ,2025-02-04 01:11:58 ,      950 ,        649 ,в109299 ,"Водка ""Jinro"" Green Grape Soju,  360 мл"                                                ,
"г. Москва, Ленинский проспект, д. 49, стр. 5" ,2025-02-04 01:11:58 ,      950 ,        649 ,в194312 ,"Водка ""Jinro"" Peach Soju,  360 мл"                                                      ,
"г. Москва, Ленинский проспект, д. 49, стр. 5" ,2025-02-04 01:11:58 ,      300 ,        300 ,в35866  ,"Пиво Belhaven, ""Black"" Scottish Stout, in can,  0.44 л"                                 ,
"г. Москва, Ленинский проспект, д. 49, стр. 5" ,2025-02-04 01:11:58 ,      950 ,        649 ,в109293 ,"Водка ""Jinro"" Plum Soju,  360 мл"                                                       ,
"г. Москва, Ленинский проспект, д. 49, стр. 5" ,2025-02-04 01:11:58 ,      349 ,        299 ,в89436  ,"Ликер ""Jagermeister"",  40 мл"                                                           ,
"г. Москва, Ленинский проспект, д. 49, стр. 5" ,2025-02-04 01:11:59 ,      199 ,        199 ,в29037  ,"Пиво ""Asahi"" Super Dry,  0.33 л"                                                        ,
"г. Москва, Ленинский проспект, д. 49, стр. 5" ,2025-02-04 01:11:59 ,      950 ,        649 ,в130824 ,"Водка ""Jinro"" Strawberry Soju,  360 мл"                                                 ,
"г. Москва, Ленинский проспект, д. 49, стр. 5" ,2025-02-04 01:12:00 ,      950 ,        699 ,в38044  ,"Водка Hitejinro, Chamisul Fresh Soju,  360 мл"                                            ,
"г. Москва, Ленинский проспект, д. 49, стр. 5" ,2025-02-04 01:12:00 ,      950 ,        649 ,в109296 ,"Водка ""Jinro"" Grapefruit Soju,  360 мл"                                                 ,
"г. Москва, Ленинский проспект, д. 49, стр. 5" ,2025-02-04 01:12:01 ,      309 ,        269 ,в197178 ,"Пиво ""Grotwerg"" Weissbier, in can,  0.5 л"                                              ,
"г. Москва, Ленинский проспект, д. 49, стр. 5" ,2025-02-04 01:12:02 ,      129 ,        129 ,в201126 ,"Пиво ""Spaten"" Munchen (Russia), in can,  0.45 л"                                        ,
"г. Москва, Ленинский проспект, д. 49, стр. 5" ,2025-02-04 01:12:04 ,      169 ,        149 ,в191672 ,"Пиво ""Grotwerg"" Alkoholfrei, in can,  0.5 л"                                            ,
"г. Москва, Ленинский проспект, д. 49, стр. 5" ,2025-02-04 01:12:04 ,      379 ,        289 ,в24015  ,"Пиво ""Cernovar"" Cerne, in can,  0.5 л"                                                  ,
"г. Москва, Ленинский проспект, д. 49, стр. 5" ,2025-02-04 01:12:04 ,     1660 ,       1299 ,в148100 ,"Вино ""Gaumen Spiel"" Riesling "                                                          ,
"г. Москва, Ленинский проспект, д. 49, стр. 5" ,2025-02-04 01:12:05 ,     5990 ,       3949 ,в2287   ,"Виски ""Bushmills"" Malt 10 Years Old, with box,  0.7 л"                                  ,
"г. Москва, Ленинский проспект, д. 49, стр. 5" ,2025-02-04 01:12:07 ,      599 ,        599 ,в130003 ,"Сидр ""La Bolee Bretonne"" Brut,  0.75 л"                                                 ,
"г. Москва, Ленинский проспект, д. 49, стр. 5" ,2025-02-04 01:12:08 ,     1449 ,       1099 ,в62066  ,"Вино Stobi, Makedonsko Crveno,  1 л"                                                      ,
"г. Москва, Ленинский проспект, д. 49, стр. 5" ,2025-02-04 01:12:08 ,      500 ,        429 ,в35511  ,"Водка ""Хаски"",  0.5 л"                                                                  ,
"г. Москва, Ленинский проспект, д. 49, стр. 5" ,2025-02-04 01:12:09 ,      509 ,        459 ,в23135  ,"Виски ""Jameson"",  50 мл"                                                                ,
"г. Москва, Ленинский проспект, д. 49, стр. 5" ,2025-02-04 01:12:11 ,     5290 ,       4790 ,в7380   ,"Виски ""Auchentoshan"" 12 Years Old, gift box,  0.7 л"                                    ,
"г. Москва, Ленинский проспект, д. 49, стр. 5" ,2025-02-04 01:12:12 ,     1890 ,       1700 ,в42342  ,"Виски Sazerac, ""Fireball"" Cinnamon Whisky,  0.5 л"                                      ,
"г. Москва, Ленинский проспект, д. 49, стр. 5" ,2025-02-04 01:12:12 ,      429 ,        359 ,в126292 ,"Виски ""Jack Daniel's"" Tennessee Honey,  50 мл"                                          ,
"г. Москва, Ленинский проспект, д. 49, стр. 5" ,2025-02-04 01:12:12 ,     1709 ,       1490 ,в2935   ,"Водка ""Белуга"" Нобл,  0.5 л"                                                            ,
"г. Москва, Ленинский проспект, д. 49, стр. 5" ,2025-02-04 01:12:14 ,     2090 ,       1790 ,в63353  ,"Виски ""Red Label"",  0.7 л"                                                              ,
"г. Москва, Ленинский проспект, д. 49, стр. 5" ,2025-02-04 01:12:15 ,     3449 ,       2099 ,в8790   ,"Бренди ""Torres 10"" Gran Reserva, gift box,  0.7 л"                                      ,
"г. Москва, Ленинский проспект, д. 49, стр. 5" ,2025-02-04 01:12:16 ,     2190 ,       1590 ,в240489 ,"Вино Matsu, ""El Picaro"", 2023 "                                                         ,
"г. Москва, Ленинский проспект, д. 49, стр. 5" ,2025-02-04 01:12:16 ,      789 ,        699 ,в18276  ,"Виски ""Chivas Regal"" 12 years old,  50 мл"                                              ,
"г. Москва, Ленинский проспект, д. 49, стр. 5" ,2025-02-04 01:12:02 ,     3990 ,       3590 ,в51582  ,"Пиво ""Grotwerg"" Bayerisch Hell, mini keg,  5 л"                                         ,
"г. Москва, Ленинский проспект, д. 49, стр. 5" ,2025-02-04 01:12:04 ,     4490 ,       4490 ,в232173 ,"Ликер ""Sheridan's"",  0.75 л"                                                            ,
"г. Москва, Ленинский проспект, д. 49, стр. 5" ,2025-02-04 01:12:04 ,      619 ,        399 ,в82422  ,"Виски ""Black Label"",  50 мл"                                                            ,
"г. Москва, Ленинский проспект, д. 49, стр. 5" ,2025-02-04 01:12:04 ,      950 ,        699 ,в171202 ,"Водка ""Jinro"" Soju,  360 мл"                                                            ,
"г. Москва, Ленинский проспект, д. 49, стр. 5" ,2025-02-04 01:12:04 ,     3149 ,       3149 ,в2883   ,"Ликер ""Baileys"" Original,  1 л"                                                         ,
"г. Москва, Ленинский проспект, д. 49, стр. 5" ,2025-02-04 01:12:06 ,      359 ,        319 ,в23949  ,"Пиво ""Bakalar"" Svetla Desitka,  0.5 л"                                                  ,
"г. Москва, Ленинский проспект, д. 49, стр. 5" ,2025-02-04 01:12:07 ,      629 ,        499 ,в8059   ,"Виски ""Ballantine's"" Finest,  50 мл"                                                    ,
"г. Москва, Ленинский проспект, д. 49, стр. 5" ,2025-02-04 01:12:08 ,     2890 ,       1690 ,в227826 ,"Вино Long Barn, Zinfandel, 2021 "                                                         ,
"г. Москва, Ленинский проспект, д. 49, стр. 5" ,2025-02-04 01:12:08 ,     3549 ,       2990 ,в67370  ,"Ликер Luxardo, Maraschino Originale, braided straw wrapped bottle,  0.75 л"               ,
"г. Москва, Ленинский проспект, д. 49, стр. 5" ,2025-02-04 01:12:09 ,     3990 ,       3590 ,в24030  ,"Пиво ""Prazacka"" Svetle, mini keg,  5 л"                                                 ,
"г. Москва, Ленинский проспект, д. 49, стр. 5" ,2025-02-04 01:12:10 ,      950 ,        699 ,в109135 ,"Водка Hitejinro, Chamisul Original Soju,  360 мл"                                         ,
"г. Москва, Ленинский проспект, д. 49, стр. 5" ,2025-02-04 01:12:12 ,      280 ,        249 ,в154318 ,"Пиво ""Liebenbrau"" Helles, in can,  0.5 л"                                               ,
"г. Москва, Ленинский проспект, д. 49, стр. 5" ,2025-02-04 01:12:13 ,      429 ,        359 ,в2776   ,"Джин ""Beefeater"",  50 мл"                                                               ,
"г. Москва, Ленинский проспект, д. 49, стр. 5" ,2025-02-04 01:12:13 ,     9290 ,       7490 ,в117686 ,"Виски Glenmorangie ""The Quinta Ruban"" 14 Years Old, gift box,  0.7 л"                   ,
"г. Москва, Ленинский проспект, д. 49, стр. 5" ,2025-02-04 01:12:14 ,     5190 ,       5190 ,в3509   ,"Коньяк ""Monnet"" VS, gift box,  0.7 л"                                                   ,
"г. Москва, Ленинский проспект, д. 49, стр. 5" ,2025-02-04 01:12:15 ,     1290 ,        999 ,в65001  ,"Ликер ""Белуга Хантинг"" Травяной Биттер,  0.5 л"                                         ,
"г. Москва, Ленинский проспект, д. 49, стр. 5" ,2025-02-04 01:12:15 ,      499 ,        399 ,в247110 ,"Джин ""Tanqueray"" London Dry Gin,  50 мл"                                                ,
"г. Москва, Ленинский проспект, д. 49, стр. 5" ,2025-02-04 01:12:16 ,      619 ,        399 ,в82423  ,"Виски ""Red Label"",  50 мл"                                                              ,
"г. Москва, Ленинский проспект, д. 49, стр. 5" ,2025-02-04 01:12:17 ,     1999 ,       1799 ,в2881   ,"Ликер ""Baileys"" Original,  0.5 л"                                                       ,
"г. Москва, Ленинский проспект, д. 49, стр. 5" ,2025-02-04 01:12:17 ,     6990 ,       5990 ,в4320   ,"Виски ""Aberlour"" 12 Years Old, in tube,  0.7 л"                                         ,
"г. Москва, Ленинский проспект, д. 49, стр. 5" ,2025-02-04 01:12:18 ,      120 ,        120 ,в93706  ,"Пиво ""Stella Artois"" (Russia), in can,  0.45 л"                                         ,
"г. Москва, Ленинский проспект, д. 49, стр. 5" ,2025-02-04 01:12:18 ,     3190 ,       2090 ,в51799  ,"Ром ""Plantation"" 3 Stars White Rum,  0.7 л"                                             ,
"г. Москва, Ленинский проспект, д. 49, стр. 5" ,2025-02-04 01:12:19 ,     3849 ,       3149 ,в207225 ,"Кальвадос Calvados Morin, ""Selection"", Calvados AOC,  0.7 л"                            ,
"г. Москва, Ленинский проспект, д. 49, стр. 5" ,2025-02-04 01:12:04 ,     3449 ,       2999 ,в193289 ,"Ром ""Legendario"" Ronsse,  0.7 л"                                                        ,
"г. Москва, Ленинский проспект, д. 49, стр. 5" ,2025-02-04 01:12:04 ,     6490 ,       4549 ,в37168  ,"Виски Auchentoshan ""American Oak"", gift box,  0.7 л"                                    ,
"г. Москва, Ленинский проспект, д. 49, стр. 5" ,2025-02-04 01:12:04 ,     6090 ,       5490 ,в214426 ,"Виски ""Talisker"" 10 Years Old, gift box,  0.7 л"                                        ,
"г. Москва, Ленинский проспект, д. 49, стр. 5" ,2025-02-04 01:12:04 ,      359 ,        259 ,в166200 ,"Пиво ""St. Pierre"" Blonde, in can,  0.5 л"                                               ,
"г. Москва, Ленинский проспект, д. 49, стр. 5" ,2025-02-04 01:12:06 ,      219 ,        219 ,в36534  ,"Пиво ""Grolsch"" Premium Lager, in can,  0.5 л"                                           ,
"г. Москва, Ленинский проспект, д. 49, стр. 5" ,2025-02-04 01:12:07 ,     3290 ,       3090 ,в2937   ,"Водка ""Белуга"" Нобл,  1 л"                                                              ,
"г. Москва, Ленинский проспект, д. 49, стр. 5" ,2025-02-04 01:12:08 ,     2590 ,       2090 ,в228142 ,"Вино Martin Codax, ""Marieta"", Rias Baixas DO, 2022 "                                    ,
"г. Москва, Ленинский проспект, д. 49, стр. 5" ,2025-02-04 01:12:08 ,    14990 ,      11990 ,в18836  ,"Виски Dalmore 12 years, gift box,  0.7 л"                                                 ,
"г. Москва, Ленинский проспект, д. 49, стр. 5" ,2025-02-04 01:12:10 ,     1939 ,       1399 ,в87095  ,"Вино ""770 Miles"" Chardonnay "                                                           ,
"г. Москва, Ленинский проспект, д. 49, стр. 5" ,2025-02-04 01:12:11 ,     1699 ,        949 ,в233420 ,"Вино Golubitskoe Estate, Chardonnay, 2023 "                                               ,
"г. Москва, Ленинский проспект, д. 49, стр. 5" ,2025-02-04 01:12:11 ,     1339 ,        990 ,в186751 ,"Вино ""Levity"" Rose, Vinho Verde DOC "                                                   ,
"г. Москва, Ленинский проспект, д. 49, стр. 5" ,2025-02-04 01:12:12 ,     3090 ,       2699 ,в67656  ,"Ликер Luxardo, ""Triplum"" Triple Sec Orange,  0.75 л"                                    ,
"г. Москва, Ленинский проспект, д. 49, стр. 5" ,2025-02-04 01:12:13 ,     1799 ,       1190 ,в246688 ,"Вино Les Celliers Jean d'Alibert, ""Caroline Bay"" Sauvignon Blanc, Pays d'Oc IGP, 2023 " ,
"г. Москва, Ленинский проспект, д. 49, стр. 5" ,2025-02-04 01:12:14 ,      579 ,        499 ,в127825 ,"Виски ""Jack Daniel's"", pet,  50 мл"                                                     ,
"г. Москва, Ленинский проспект, д. 49, стр. 5" ,2025-02-04 01:12:16 ,     3290 ,       3290 ,в26147  ,"Пиво Kulmbacher, ""Edelherb"" Premium Pils, mini keg,  5 л"                               ,
"г. Москва, Ленинский проспект, д. 49, стр. 5" ,2025-02-04 01:12:16 ,     2999 ,       2399 ,в186890 ,"Виски ""Jim Beam"" Apple (32,5%),  0.7 л"                                                 ,
"г. Москва, Ленинский проспект, д. 49, стр. 5" ,2025-02-04 01:12:17 ,      269 ,        269 ,в117700 ,"Вино ЮВК, Виорика Мускатная полусладкое "                                                 ,
"г. Москва, Ленинский проспект, д. 49, стр. 5" ,2025-02-04 01:12:17 ,    20490 ,      18490 ,в2357   ,"Виски ""Royal Salute"" 21 years old, with box,  0.7 л"                                    ,
"г. Москва, Ленинский проспект, д. 49, стр. 5" ,2025-02-04 01:12:19 ,     2590 ,       2199 ,в213421 ,"Ликер ""Sakura Kirakira"", gift box,  0.5 л"                                              ,
"г. Москва, Ленинский проспект, д. 49, стр. 5" ,2025-02-04 01:12:19 ,     1729 ,       1399 ,в4660   ,"Ликер ""Mozart"" White Chocolate,  0.5 л"                                                 ,
"г. Москва, Ленинский проспект, д. 49, стр. 5" ,2025-02-04 01:12:19 ,     1280 ,       1090 ,в234267 ,"Вино Fernando Castro, Moscatel, 2022 "                                                    ,
"г. Москва, Ленинский проспект, д. 49, стр. 5" ,2025-02-04 01:12:20 ,     1519 ,       1370 ,в83728  ,"Вино ""Savalan"" Traminer "                                                               ,
"г. Москва, Ленинский проспект, д. 49, стр. 5" ,2025-02-04 01:12:02 ,     2790 ,       2499 ,в236323 ,"Байцзю ""Fenjiu"" Hongping (53°),  0.5 л"                                                 ,
"г. Москва, Ленинский проспект, д. 49, стр. 5" ,2025-02-04 01:12:03 ,     7090 ,       7090 ,в3508   ,"Коньяк ""Monnet"" VSOP, gift box,  0.7 л"                                                 ,
"г. Москва, Ленинский проспект, д. 49, стр. 5" ,2025-02-04 01:12:04 ,      349 ,        309 ,в24036  ,"Пиво ""Liebenweiss"" Hefe-Weissbier, in can,  0.5 л"                                      ,
"г. Москва, Ленинский проспект, д. 49, стр. 5" ,2025-02-04 01:12:04 ,      190 ,        190 ,в24736  ,"Пиво ""Peroni"" Nastro Azzurro,  0.33 л"                                                  ,
"г. Москва, Ленинский проспект, д. 49, стр. 5" ,2025-02-04 01:12:04 ,     4040 ,       3390 ,в24037  ,"Пиво ""Liebenweiss"" Hefe-Weissbier, mini keg,  5 л"                                      ,
"г. Москва, Ленинский проспект, д. 49, стр. 5" ,2025-02-04 01:12:07 ,      459 ,        399 ,в236036 ,"Вино ""Gigantones"" Rosado, Vinho Verde DOC, in can,  250 мл"                             ,
"г. Москва, Ленинский проспект, д. 49, стр. 5" ,2025-02-04 01:12:07 ,     1070 ,       1070 ,в242684 ,"Вино Собер Баш, ""Классика"" Красностоп, 2022 "                                           ,
"г. Москва, Ленинский проспект, д. 49, стр. 5" ,2025-02-04 01:12:08 ,     2249 ,       1799 ,в156491 ,"Джин ""Strange Luve"" Pink,  0.7 л"                                                       ,
"г. Москва, Ленинский проспект, д. 49, стр. 5" ,2025-02-04 01:12:08 ,      339 ,        289 ,в54461  ,"Пиво Flensburger, Pilsener, in can,  0.5 л"                                               ,
"г. Москва, Ленинский проспект, д. 49, стр. 5" ,2025-02-04 01:12:10 ,      499 ,        399 ,в234112 ,"Вино ""Mucho Mas"" Blanco, PET,  187 мл"                                                  ,
"г. Москва, Ленинский проспект, д. 49, стр. 5" ,2025-02-04 01:12:11 ,     3349 ,       2899 ,в32831  ,"Ром ""Legendario"" Anejo Blanco,  0.7 л"                                                  ,
"г. Москва, Ленинский проспект, д. 49, стр. 5" ,2025-02-04 01:12:11 ,      109 ,        109 ,в208557 ,"Вода Ochakovo, ""Cool Cola"" Vanilla, PET,  1 л"                                          ,
"г. Москва, Ленинский проспект, д. 49, стр. 5" ,2025-02-04 01:12:13 ,      459 ,        399 ,в236035 ,"Вино ""Gigantones"" Branco, Vinho Verde DOC, in can,  250 мл"                             ,
"г. Москва, Ленинский проспект, д. 49, стр. 5" ,2025-02-04 01:12:13 ,     2990 ,       2039 ,в18548  ,"Бренди ""Metaxa"" 5*,  0.7 л"                                                             ,
"г. Москва, Ленинский проспект, д. 49, стр. 5" ,2025-02-04 01:12:15 ,      879 ,        779 ,в206046 ,"Вино ""Agora"" Black Stone "                                                              ,
"г. Москва, Ленинский проспект, д. 49, стр. 5" ,2025-02-04 01:12:16 ,      399 ,        290 ,в43124  ,"Сидр Westons, ""Stowford Press"" Medium Dry, in can,  0.5 л"                              ,
"г. Москва, Ленинский проспект, д. 49, стр. 5" ,2025-02-04 01:12:16 ,      249 ,        249 ,в24084  ,"Пиво Paulaner, Hefe-Weissbier Naturtrub, in can,  0.5 л"                                  ,
"г. Москва, Ленинский проспект, д. 49, стр. 5" ,2025-02-04 01:12:17 ,     2819 ,       2399 ,в67554  ,"Ликер Luxardo, ""Sangue Morlacco"" Cherry,  0.75 л"                                       ,
"г. Москва, Ленинский проспект, д. 49, стр. 5" ,2025-02-04 01:12:18 ,      160 ,        160 ,в36524  ,"Пиво ""Clausthaler"" Original Non-Alcoholic, in can,  0.5 л"                              ,
"г. Москва, Ленинский проспект, д. 49, стр. 5" ,2025-02-04 01:12:19 ,     2690 ,       2419 ,в236325 ,"Байцзю ""Fenjiu"" Jar (53°),  0.5 л"                                                      ,
"г. Москва, Ленинский проспект, д. 49, стр. 5" ,2025-02-04 01:12:20 ,     7990 ,       5990 ,в208014 ,"Коньяк ""Francois de Martignac"" VSOP, gift box,  0.7 л"                                  ,
"г. Москва, Ленинский проспект, д. 49, стр. 5" ,2025-02-04 01:12:20 ,      649 ,        499 ,в72271  ,"Водка ""Белая Березка"" Золотая,  0.5 л"                                                  ,
"г. Москва, Ленинский проспект, д. 49, стр. 5" ,2025-02-04 01:12:21 ,     1239 ,        959 ,в227893 ,"Вино Robertson Winery, Cabernet Sauvignon, 2021 "                                         ,
"г. Москва, Ленинский проспект, д. 49, стр. 5" ,2025-02-04 01:12:22 ,     2609 ,       1990 ,в19215  ,"Водка ""Белуга"" Трансатлантик Рейсинг,  0.7 л"                                           ,
"г. Москва, Ленинский проспект, д. 49, стр. 5" ,2025-02-04 01:12:22 ,     1119 ,        999 ,в35829  ,"Водка ""Mamont"",  0.5 л"                                                                 ,
"г. Москва, Ленинский проспект, д. 49, стр. 5" ,2025-02-04 01:12:22 ,     1490 ,       1009 ,в167792 ,"Водка ""Архангельская"" Северная выдержка,  1 л"                                          ,
"г. Москва, Ленинский проспект, д. 49, стр. 5" ,2025-02-04 01:12:22 ,     2290 ,       1229 ,в237145 ,"Вино ""Faustino VII"", Rioja DOC, 2022 "                                                  ,
"г. Москва, Ленинский проспект, д. 49, стр. 5" ,2025-02-04 01:12:23 ,     5290 ,       4490 ,в199006 ,"Вино Turk, Eiswein vom Gruner Veltliner, 2021,  375 мл"                                   ,
"г. Москва, Ленинский проспект, д. 49, стр. 5" ,2025-02-04 01:12:24 ,     1180 ,       1109 ,в232919 ,"Вино ""GRW Premium"" Kindzmarauli "                                                       ,
"г. Москва, Ленинский проспект, д. 49, стр. 5" ,2025-02-04 01:12:24 ,     2790 ,       1690 ,в241346 ,"Вино Long Barn, Chardonnay, 2022 "                                                        ,
"г. Москва, Ленинский проспект, д. 49, стр. 5" ,2025-02-04 01:12:25 ,      249 ,        249 ,в38225  ,"Пиво ""Heineken"" Lager, in can,  0.5 л"                                                  ,
"г. Москва, Ленинский проспект, д. 49, стр. 5" ,2025-02-04 01:12:25 ,     1360 ,        799 ,в188056 ,"Вино ""GreenLife"" Sauvignon Blanc, Western Cape WO "                                     ,
"г. Москва, Ленинский проспект, д. 49, стр. 5" ,2025-02-04 01:12:25 ,     2130 ,       1599 ,в209850 ,"Вино Chateau Lamothe-Vincent, ""Reserve"" Rouge, Bordeaux AOC, 2019 "                     ,
"г. Москва, Ленинский проспект, д. 49, стр. 5" ,2025-02-04 01:12:25 ,     1580 ,       1199 ,в180256 ,"Вино ""Mucho Mas"" Rose "                                                                 ,
"г. Москва, Ленинский проспект, д. 49, стр. 5" ,2025-02-04 01:12:27 ,     1729 ,       1399 ,в101733 ,"Ликер ""Mozart"" White Chocolate Cream Strawberry,  0.5 л"                                ,
"г. Москва, Ленинский проспект, д. 49, стр. 5" ,2025-02-04 01:12:27 ,    15990 ,      15990 ,в50991  ,"Виски ""Glenfiddich"" 18 Years Old, in tube,  0.7 л"                                      ,
"г. Москва, Ленинский проспект, д. 49, стр. 5" ,2025-02-04 01:12:27 ,     4549 ,       2690 ,в65014  ,"Бренди ""Torres 15"" Reserva Privada, gift box,  0.7 л"                                   ,
"г. Москва, Ленинский проспект, д. 49, стр. 5" ,2025-02-04 01:12:27 ,     4649 ,       3999 ,в32829  ,"Ром ""Legendario"" Anejo,  0.7 л"                                                         ,
"г. Москва, Ленинский проспект, д. 49, стр. 5" ,2025-02-04 01:12:29 ,      390 ,        299 ,в58575  ,"Шоколад Mathez, ""Baron"" French Truffles with Raspberry,  100 г"                         ,
"г. Москва, Ленинский проспект, д. 49, стр. 5" ,2025-02-04 01:12:29 ,     1500 ,       1429 ,в188863 ,"Вино ""Meysari"" Makhmari Premium Organic "                                               ,
"г. Москва, Ленинский проспект, д. 49, стр. 5" ,2025-02-04 01:12:29 ,     1790 ,        949 ,в237138 ,"Вино Golubitskoe Estate, Rose, 2023 "                                                     ,
"г. Москва, Ленинский проспект, д. 49, стр. 5" ,2025-02-04 01:12:30 ,      690 ,        500 ,в54849  ,"Шоколад The Belgian, Champagne Cocoa Dusted Truffles,  200 г"                             ,
"г. Москва, Ленинский проспект, д. 49, стр. 5" ,2025-02-04 01:12:30 ,     6990 ,       5490 ,в22645  ,"Водка ""Белуга"" Голд Лайн, в кожаной подарочной коробке,  0.75 л"                        ,
"г. Москва, Ленинский проспект, д. 49, стр. 5" ,2025-02-04 01:12:31 ,     3780 ,       3390 ,в230569 ,"Джин Tanqueray, ""Blackcurrant Royale"",  0.7 л"                                          ,
"г. Москва, Ленинский проспект, д. 49, стр. 5" ,2025-02-04 01:12:31 ,      259 ,        230 ,в230658 ,"Пиво ""Dunen"" Bernstein, in can,  0.5 л"                                                 ,
